pig_code,period,Demand,Opening,Calculated.Coverage.in.Periods,Projected.Inventories.Qty,Supply,calendar_month_abb,fiscal_year,fiscal_month,month_year_period,pig_description,brand,brand_quality,brand_quality_size,brand_quality_size_code,BottlePerCase,LiterPerBottle
PIG001,2025-12-01,0,0,0.0,0,0,Jun,FY25,12,2025-12-01,Product 001,Brand 001,Quality 001,Item 0001,BQS0029,5,0.95
PIG001,2026-01-01,0,0,0.0,0,0,Jul,FY26,1,2026-01-01,Product 001,Brand 001,Quality 001,Item 0001,BQS0029,5,0.95
PIG001,2026-02-01,1,0,0.0,0,0,Aug,FY26,2,2026-02-01,Product 001,Brand 001,Quality 001,Item 0001,BQS0029,5,0.95
PIG001,2026-03-01,0,0,0.0,0,0,Sep,FY26,3,2026-03-01,Product 001,Brand 001,Quality 001,Item 0001,BQS0029,5,0.95
PIG001,2026-04-01,0,0,0.0,0,0,Oct,FY26,4,2026-04-01,Product 001,Brand 001,Quality 001,Item 0001,BQS0029,5,0.95
PIG001,2026-05-01,0,0,0.0,0,0,Nov,FY26,5,2026-05-01,Product 001,Brand 001,Quality 001,Item 0001,BQS0029,5,0.95
PIG001,2026-06-01,0,0,0.0,1,0,Dec,FY26,6,2026-06-01,Product 001,Brand 001,Quality 001,Item 0001,BQS0029,5,0.95
PIG001,2026-07-01,0,0,0.0,1,0,Jan,FY26,7,2026-07-01,Product 001,Brand 001,Quality 001,Item 0001,BQS0029,5,0.95
PIG001,2026-08-01,0,0,0.0,2,0,Feb,FY26,8,2026-08-01,Product 001,Brand 001,Quality 001,Item 0001,BQS0029,5,0.95
PIG001,2026-09-01,0,0,0.0,0,0,Mar,FY26,9,2026-09-01,Product 001,Brand 001,Quality 001,Item 0001,BQS0029,5,0.95
PIG001,2026-10-01,0,0,0.0,0,0,Apr,FY26,10,2026-10-01,Product 001,Brand 001,Quality 001,Item 0001,BQS0029,5,0.95
PIG001,2026-11-01,3,0,0.0,1,0,May,FY26,11,2026-11-01,Product 001,Brand 001,Quality 001,Item 0001,BQS0029,5,0.95
PIG001,2026-12-01,0,0,0.0,0,0,Jun,FY26,12,2026-12-01,Product 001,Brand 001,Quality 001,Item 0001,BQS0029,5,0.95
PIG001,2027-01-01,0,0,0.0,0,0,Jul,FY27,1,2027-01-01,Product 001,Brand 001,Quality 001,Item 0001,BQS0029,5,0.95
PIG001,2027-02-01,0,0,0.0,0,0,Aug,FY27,2,2027-02-01,Product 001,Brand 001,Quality 001,Item 0001,BQS0029,5,0.95
PIG001,2027-03-01,2,0,0.0,0,0,Sep,FY27,3,2027-03-01,Product 001,Brand 001,Quality 001,Item 0001,BQS0029,5,0.95
PIG001,2027-04-01,0,0,0.0,0,0,Oct,FY27,4,2027-04-01,Product 001,Brand 001,Quality 001,Item 0001,BQS0029,5,0.95
PIG001,2027-05-01,0,0,0.0,0,0,Nov,FY27,5,2027-05-01,Product 001,Brand 001,Quality 001,Item 0001,BQS0029,5,0.95
PIG001,2027-06-01,0,0,0.0,0,0,Dec,FY27,6,2027-06-01,Product 001,Brand 001,Quality 001,Item 0001,BQS0029,5,0.95
PIG001,2027-07-01,0,0,0.0,0,0,Jan,FY27,7,2027-07-01,Product 001,Brand 001,Quality 001,Item 0001,BQS0029,5,0.95
PIG001,2027-08-01,0,0,0.0,0,0,Feb,FY27,8,2027-08-01,Product 001,Brand 001,Quality 001,Item 0001,BQS0029,5,0.95
PIG001,2027-09-01,0,0,0.0,0,0,Mar,FY27,9,2027-09-01,Product 001,Brand 001,Quality 001,Item 0001,BQS0029,5,0.95
PIG001,2027-10-01,0,0,0.0,0,0,Apr,FY27,10,2027-10-01,Product 001,Brand 001,Quality 001,Item 0001,BQS0029,5,0.95
PIG001,2027-11-01,0,0,0.0,0,0,May,FY27,11,2027-11-01,Product 001,Brand 001,Quality 001,Item 0001,BQS0029,5,0.95
PIG001,2027-12-01,0,0,0.0,0,0,Jun,FY27,12,2027-12-01,Product 001,Brand 001,Quality 001,Item 0001,BQS0029,5,0.95
PIG002,2025-12-01,85,2148,61.41,2936,0,Jun,FY25,12,2025-12-01,Product 002,Brand 001,Quality 003,Item 0002,BQS0011,5,0.23
PIG002,2026-01-01,2,0,123.51,2482,0,Jul,FY26,1,2026-01-01,Product 002,Brand 001,Quality 003,Item 0002,BQS0011,5,0.23
PIG002,2026-02-01,1,0,55.86,1882,0,Aug,FY26,2,2026-02-01,Product 002,Brand 001,Quality 003,Item 0002,BQS0011,5,0.23
PIG002,2026-03-01,4,0,135.24,3350,0,Sep,FY26,3,2026-03-01,Product 002,Brand 001,Quality 003,Item 0002,BQS0011,5,0.23
PIG002,2026-04-01,6,0,105.46,3034,0,Oct,FY26,4,2026-04-01,Product 002,Brand 001,Quality 003,Item 0002,BQS0011,5,0.23
PIG002,2026-05-01,1,0,89.41,3490,0,Nov,FY26,5,2026-05-01,Product 002,Brand 001,Quality 003,Item 0002,BQS0011,5,0.23
PIG002,2026-06-01,12,0,112.44,2336,0,Dec,FY26,6,2026-06-01,Product 002,Brand 001,Quality 003,Item 0002,BQS0011,5,0.23
PIG002,2026-07-01,6,0,122.98,3441,0,Jan,FY26,7,2026-07-01,Product 002,Brand 001,Quality 003,Item 0002,BQS0011,5,0.23
PIG002,2026-08-01,3,0,96.42,2441,0,Feb,FY26,8,2026-08-01,Product 002,Brand 001,Quality 003,Item 0002,BQS0011,5,0.23
PIG002,2026-09-01,14,0,99.91,2249,0,Mar,FY26,9,2026-09-01,Product 002,Brand 001,Quality 003,Item 0002,BQS0011,5,0.23
PIG002,2026-10-01,46,0,119.61,1909,0,Apr,FY26,10,2026-10-01,Product 002,Brand 001,Quality 003,Item 0002,BQS0011,5,0.23
PIG002,2026-11-01,41,0,74.36,3179,0,May,FY26,11,2026-11-01,Product 002,Brand 001,Quality 003,Item 0002,BQS0011,5,0.23
PIG002,2026-12-01,38,0,124.54,2145,0,Jun,FY26,12,2026-12-01,Product 002,Brand 001,Quality 003,Item 0002,BQS0011,5,0.23
PIG002,2027-01-01,63,0,129.38,2548,0,Jul,FY27,1,2027-01-01,Product 002,Brand 001,Quality 003,Item 0002,BQS0011,5,0.23
PIG002,2027-02-01,102,0,84.57,2071,0,Aug,FY27,2,2027-02-01,Product 002,Brand 001,Quality 003,Item 0002,BQS0011,5,0.23
PIG002,2027-03-01,54,0,108.7,1378,0,Sep,FY27,3,2027-03-01,Product 002,Brand 001,Quality 003,Item 0002,BQS0011,5,0.23
PIG002,2027-04-01,97,0,112.28,2730,0,Oct,FY27,4,2027-04-01,Product 002,Brand 001,Quality 003,Item 0002,BQS0011,5,0.23
PIG002,2027-05-01,77,0,72.33,2104,0,Nov,FY27,5,2027-05-01,Product 002,Brand 001,Quality 003,Item 0002,BQS0011,5,0.23
PIG002,2027-06-01,32,0,92.25,2700,0,Dec,FY27,6,2027-06-01,Product 002,Brand 001,Quality 003,Item 0002,BQS0011,5,0.23
PIG002,2027-07-01,40,0,73.56,2251,0,Jan,FY27,7,2027-07-01,Product 002,Brand 001,Quality 003,Item 0002,BQS0011,5,0.23
PIG002,2027-08-01,31,0,56.78,2173,0,Feb,FY27,8,2027-08-01,Product 002,Brand 001,Quality 003,Item 0002,BQS0011,5,0.23
PIG002,2027-09-01,29,0,122.99,2380,0,Mar,FY27,9,2027-09-01,Product 002,Brand 001,Quality 003,Item 0002,BQS0011,5,0.23
PIG002,2027-10-01,20,0,110.37,1508,0,Apr,FY27,10,2027-10-01,Product 002,Brand 001,Quality 003,Item 0002,BQS0011,5,0.23
PIG002,2027-11-01,2,0,91.04,1422,0,May,FY27,11,2027-11-01,Product 002,Brand 001,Quality 003,Item 0002,BQS0011,5,0.23
PIG002,2027-12-01,4,0,84.03,2200,0,Jun,FY27,12,2027-12-01,Product 002,Brand 001,Quality 003,Item 0002,BQS0011,5,0.23
PIG004,2025-12-01,0,0,0.0,0,0,Jun,FY25,12,2025-12-01,Product 004,Brand 002,Quality 007,Item 0006,BQS0003,137,0.0
PIG004,2026-01-01,0,0,0.0,0,0,Jul,FY26,1,2026-01-01,Product 004,Brand 002,Quality 007,Item 0006,BQS0003,137,0.0
PIG004,2026-02-01,0,0,0.0,0,0,Aug,FY26,2,2026-02-01,Product 004,Brand 002,Quality 007,Item 0006,BQS0003,137,0.0
PIG004,2026-03-01,0,0,0.0,0,0,Sep,FY26,3,2026-03-01,Product 004,Brand 002,Quality 007,Item 0006,BQS0003,137,0.0
PIG004,2026-04-01,0,0,0.0,0,0,Oct,FY26,4,2026-04-01,Product 004,Brand 002,Quality 007,Item 0006,BQS0003,137,0.0
PIG004,2026-05-01,0,0,0.0,0,0,Nov,FY26,5,2026-05-01,Product 004,Brand 002,Quality 007,Item 0006,BQS0003,137,0.0
PIG004,2026-06-01,0,0,0.0,0,0,Dec,FY26,6,2026-06-01,Product 004,Brand 002,Quality 007,Item 0006,BQS0003,137,0.0
PIG004,2026-07-01,0,0,0.0,0,0,Jan,FY26,7,2026-07-01,Product 004,Brand 002,Quality 007,Item 0006,BQS0003,137,0.0
PIG004,2026-08-01,0,0,0.0,0,0,Feb,FY26,8,2026-08-01,Product 004,Brand 002,Quality 007,Item 0006,BQS0003,137,0.0
PIG004,2026-09-01,0,0,0.0,0,0,Mar,FY26,9,2026-09-01,Product 004,Brand 002,Quality 007,Item 0006,BQS0003,137,0.0
PIG004,2026-10-01,0,0,0.0,0,0,Apr,FY26,10,2026-10-01,Product 004,Brand 002,Quality 007,Item 0006,BQS0003,137,0.0
PIG004,2026-11-01,0,0,0.0,0,0,May,FY26,11,2026-11-01,Product 004,Brand 002,Quality 007,Item 0006,BQS0003,137,0.0
PIG004,2026-12-01,0,0,0.0,0,0,Jun,FY26,12,2026-12-01,Product 004,Brand 002,Quality 007,Item 0006,BQS0003,137,0.0
PIG004,2027-01-01,0,0,0.0,0,0,Jul,FY27,1,2027-01-01,Product 004,Brand 002,Quality 007,Item 0006,BQS0003,137,0.0
PIG004,2027-02-01,0,0,0.0,0,0,Aug,FY27,2,2027-02-01,Product 004,Brand 002,Quality 007,Item 0006,BQS0003,137,0.0
PIG004,2027-03-01,0,0,0.0,0,0,Sep,FY27,3,2027-03-01,Product 004,Brand 002,Quality 007,Item 0006,BQS0003,137,0.0
PIG004,2027-04-01,0,0,0.0,0,0,Oct,FY27,4,2027-04-01,Product 004,Brand 002,Quality 007,Item 0006,BQS0003,137,0.0
PIG004,2027-05-01,0,0,0.0,0,0,Nov,FY27,5,2027-05-01,Product 004,Brand 002,Quality 007,Item 0006,BQS0003,137,0.0
PIG004,2027-06-01,0,0,0.0,0,0,Dec,FY27,6,2027-06-01,Product 004,Brand 002,Quality 007,Item 0006,BQS0003,137,0.0
PIG004,2027-07-01,0,0,0.0,0,0,Jan,FY27,7,2027-07-01,Product 004,Brand 002,Quality 007,Item 0006,BQS0003,137,0.0
PIG004,2027-08-01,0,0,0.0,0,0,Feb,FY27,8,2027-08-01,Product 004,Brand 002,Quality 007,Item 0006,BQS0003,137,0.0
PIG004,2027-09-01,0,0,0.0,0,0,Mar,FY27,9,2027-09-01,Product 004,Brand 002,Quality 007,Item 0006,BQS0003,137,0.0
PIG004,2027-10-01,0,0,0.0,0,0,Apr,FY27,10,2027-10-01,Product 004,Brand 002,Quality 007,Item 0006,BQS0003,137,0.0
PIG004,2027-11-01,0,0,0.0,0,0,May,FY27,11,2027-11-01,Product 004,Brand 002,Quality 007,Item 0006,BQS0003,137,0.0
PIG004,2027-12-01,0,0,0.0,0,0,Jun,FY27,12,2027-12-01,Product 004,Brand 002,Quality 007,Item 0006,BQS0003,137,0.0
PIG005,2025-12-01,29,2203,103.25,2113,0,Jun,FY25,12,2025-12-01,Product 005,Brand 003,Quality 009,Item 0007,BQS0032,4,2.61
PIG005,2026-01-01,11,0,130.75,2410,0,Jul,FY26,1,2026-01-01,Product 005,Brand 003,Quality 009,Item 0007,BQS0032,4,2.61
PIG005,2026-02-01,11,0,117.88,1910,0,Aug,FY26,2,2026-02-01,Product 005,Brand 003,Quality 009,Item 0007,BQS0032,4,2.61
PIG005,2026-03-01,13,0,88.03,2060,0,Sep,FY26,3,2026-03-01,Product 005,Brand 003,Quality 009,Item 0007,BQS0032,4,2.61
PIG005,2026-04-01,24,0,78.42,2254,0,Oct,FY26,4,2026-04-01,Product 005,Brand 003,Quality 009,Item 0007,BQS0032,4,2.61
PIG005,2026-05-01,15,0,146.07,1738,0,Nov,FY26,5,2026-05-01,Product 005,Brand 003,Quality 009,Item 0007,BQS0032,4,2.61
PIG005,2026-06-01,30,0,73.26,1913,0,Dec,FY26,6,2026-06-01,Product 005,Brand 003,Quality 009,Item 0007,BQS0032,4,2.61
PIG005,2026-07-01,21,0,121.55,1335,0,Jan,FY26,7,2026-07-01,Product 005,Brand 003,Quality 009,Item 0007,BQS0032,4,2.61
PIG005,2026-08-01,30,0,62.55,2604,0,Feb,FY26,8,2026-08-01,Product 005,Brand 003,Quality 009,Item 0007,BQS0032,4,2.61
PIG005,2026-09-01,29,0,134.3,1451,0,Mar,FY26,9,2026-09-01,Product 005,Brand 003,Quality 009,Item 0007,BQS0032,4,2.61
PIG005,2026-10-01,22,0,88.12,1443,0,Apr,FY26,10,2026-10-01,Product 005,Brand 003,Quality 009,Item 0007,BQS0032,4,2.61
PIG005,2026-11-01,25,0,54.71,1803,0,May,FY26,11,2026-11-01,Product 005,Brand 003,Quality 009,Item 0007,BQS0032,4,2.61
PIG005,2026-12-01,26,0,56.71,1332,0,Jun,FY26,12,2026-12-01,Product 005,Brand 003,Quality 009,Item 0007,BQS0032,4,2.61
PIG005,2027-01-01,45,0,124.28,1310,0,Jul,FY27,1,2027-01-01,Product 005,Brand 003,Quality 009,Item 0007,BQS0032,4,2.61
PIG005,2027-02-01,50,0,57.79,1605,0,Aug,FY27,2,2027-02-01,Product 005,Brand 003,Quality 009,Item 0007,BQS0032,4,2.61
PIG005,2027-03-01,53,0,105.39,1087,0,Sep,FY27,3,2027-03-01,Product 005,Brand 003,Quality 009,Item 0007,BQS0032,4,2.61
PIG005,2027-04-01,55,0,122.16,1305,0,Oct,FY27,4,2027-04-01,Product 005,Brand 003,Quality 009,Item 0007,BQS0032,4,2.61
PIG005,2027-05-01,84,0,60.46,1742,0,Nov,FY27,5,2027-05-01,Product 005,Brand 003,Quality 009,Item 0007,BQS0032,4,2.61
PIG005,2027-06-01,35,0,76.7,1628,0,Dec,FY27,6,2027-06-01,Product 005,Brand 003,Quality 009,Item 0007,BQS0032,4,2.61
PIG005,2027-07-01,46,0,67.12,1616,0,Jan,FY27,7,2027-07-01,Product 005,Brand 003,Quality 009,Item 0007,BQS0032,4,2.61
PIG005,2027-08-01,36,0,95.84,995,0,Feb,FY27,8,2027-08-01,Product 005,Brand 003,Quality 009,Item 0007,BQS0032,4,2.61
PIG005,2027-09-01,48,0,86.5,810,0,Mar,FY27,9,2027-09-01,Product 005,Brand 003,Quality 009,Item 0007,BQS0032,4,2.61
PIG005,2027-10-01,41,0,111.62,1220,0,Apr,FY27,10,2027-10-01,Product 005,Brand 003,Quality 009,Item 0007,BQS0032,4,2.61
PIG005,2027-11-01,17,0,97.35,840,0,May,FY27,11,2027-11-01,Product 005,Brand 003,Quality 009,Item 0007,BQS0032,4,2.61
PIG005,2027-12-01,14,0,67.02,810,0,Jun,FY27,12,2027-12-01,Product 005,Brand 003,Quality 009,Item 0007,BQS0032,4,2.61
PIG006,2025-12-01,0,0,0.0,0,0,Jun,FY25,12,2025-12-01,Product 006,Brand 003,Quality 011,Item 0008,BQS0012,11,3.87
PIG006,2026-01-01,0,0,0.0,0,0,Jul,FY26,1,2026-01-01,Product 006,Brand 003,Quality 011,Item 0008,BQS0012,11,3.87
PIG006,2026-02-01,0,0,0.0,0,0,Aug,FY26,2,2026-02-01,Product 006,Brand 003,Quality 011,Item 0008,BQS0012,11,3.87
PIG006,2026-03-01,0,0,0.0,0,0,Sep,FY26,3,2026-03-01,Product 006,Brand 003,Quality 011,Item 0008,BQS0012,11,3.87
PIG006,2026-04-01,0,0,0.0,0,0,Oct,FY26,4,2026-04-01,Product 006,Brand 003,Quality 011,Item 0008,BQS0012,11,3.87
PIG006,2026-05-01,0,0,0.0,0,0,Nov,FY26,5,2026-05-01,Product 006,Brand 003,Quality 011,Item 0008,BQS0012,11,3.87
PIG006,2026-06-01,0,0,0.0,0,0,Dec,FY26,6,2026-06-01,Product 006,Brand 003,Quality 011,Item 0008,BQS0012,11,3.87
PIG006,2026-07-01,0,0,0.0,0,0,Jan,FY26,7,2026-07-01,Product 006,Brand 003,Quality 011,Item 0008,BQS0012,11,3.87
PIG006,2026-08-01,0,0,0.0,0,0,Feb,FY26,8,2026-08-01,Product 006,Brand 003,Quality 011,Item 0008,BQS0012,11,3.87
PIG006,2026-09-01,0,0,0.0,0,0,Mar,FY26,9,2026-09-01,Product 006,Brand 003,Quality 011,Item 0008,BQS0012,11,3.87
PIG006,2026-10-01,0,0,0.0,0,0,Apr,FY26,10,2026-10-01,Product 006,Brand 003,Quality 011,Item 0008,BQS0012,11,3.87
PIG006,2026-11-01,0,0,0.0,0,0,May,FY26,11,2026-11-01,Product 006,Brand 003,Quality 011,Item 0008,BQS0012,11,3.87
PIG006,2026-12-01,0,0,0.0,0,0,Jun,FY26,12,2026-12-01,Product 006,Brand 003,Quality 011,Item 0008,BQS0012,11,3.87
PIG006,2027-01-01,0,0,0.0,0,0,Jul,FY27,1,2027-01-01,Product 006,Brand 003,Quality 011,Item 0008,BQS0012,11,3.87
PIG006,2027-02-01,0,0,0.0,0,0,Aug,FY27,2,2027-02-01,Product 006,Brand 003,Quality 011,Item 0008,BQS0012,11,3.87
PIG006,2027-03-01,0,0,0.0,0,0,Sep,FY27,3,2027-03-01,Product 006,Brand 003,Quality 011,Item 0008,BQS0012,11,3.87
PIG006,2027-04-01,0,0,0.0,0,0,Oct,FY27,4,2027-04-01,Product 006,Brand 003,Quality 011,Item 0008,BQS0012,11,3.87
PIG006,2027-05-01,0,0,0.0,0,0,Nov,FY27,5,2027-05-01,Product 006,Brand 003,Quality 011,Item 0008,BQS0012,11,3.87
PIG006,2027-06-01,0,0,0.0,0,0,Dec,FY27,6,2027-06-01,Product 006,Brand 003,Quality 011,Item 0008,BQS0012,11,3.87
PIG006,2027-07-01,0,0,0.0,0,0,Jan,FY27,7,2027-07-01,Product 006,Brand 003,Quality 011,Item 0008,BQS0012,11,3.87
PIG006,2027-08-01,0,0,0.0,0,0,Feb,FY27,8,2027-08-01,Product 006,Brand 003,Quality 011,Item 0008,BQS0012,11,3.87
PIG006,2027-09-01,0,0,0.0,0,0,Mar,FY27,9,2027-09-01,Product 006,Brand 003,Quality 011,Item 0008,BQS0012,11,3.87
PIG006,2027-10-01,0,0,0.0,0,0,Apr,FY27,10,2027-10-01,Product 006,Brand 003,Quality 011,Item 0008,BQS0012,11,3.87
PIG006,2027-11-01,0,0,0.0,0,0,May,FY27,11,2027-11-01,Product 006,Brand 003,Quality 011,Item 0008,BQS0012,11,3.87
PIG006,2027-12-01,0,0,0.0,0,0,Jun,FY27,12,2027-12-01,Product 006,Brand 003,Quality 011,Item 0008,BQS0012,11,3.87
PIG007,2025-12-01,10,628,9.13,870,175,Jun,FY25,12,2025-12-01,Product 007,Brand 003,Quality 013,Item 0009,BQS0013,9,3.39
PIG007,2026-01-01,16,0,6.35,1071,195,Jul,FY26,1,2026-01-01,Product 007,Brand 003,Quality 013,Item 0009,BQS0013,9,3.39
PIG007,2026-02-01,96,0,3.89,600,0,Aug,FY26,2,2026-02-01,Product 007,Brand 003,Quality 013,Item 0009,BQS0013,9,3.39
PIG007,2026-03-01,105,0,3.78,735,61,Sep,FY26,3,2026-03-01,Product 007,Brand 003,Quality 013,Item 0009,BQS0013,9,3.39
PIG007,2026-04-01,127,0,5.13,473,0,Oct,FY26,4,2026-04-01,Product 007,Brand 003,Quality 013,Item 0009,BQS0013,9,3.39
PIG007,2026-05-01,153,0,4.72,640,51,Nov,FY26,5,2026-05-01,Product 007,Brand 003,Quality 013,Item 0009,BQS0013,9,3.39
PIG007,2026-06-01,108,0,5.38,626,125,Dec,FY26,6,2026-06-01,Product 007,Brand 003,Quality 013,Item 0009,BQS0013,9,3.39
PIG007,2026-07-01,168,0,6.33,496,104,Jan,FY26,7,2026-07-01,Product 007,Brand 003,Quality 013,Item 0009,BQS0013,9,3.39
PIG007,2026-08-01,108,0,4.46,520,79,Feb,FY26,8,2026-08-01,Product 007,Brand 003,Quality 013,Item 0009,BQS0013,9,3.39
PIG007,2026-09-01,77,0,3.63,367,43,Mar,FY26,9,2026-09-01,Product 007,Brand 003,Quality 013,Item 0009,BQS0013,9,3.39
PIG007,2026-10-01,103,0,4.73,393,52,Apr,FY26,10,2026-10-01,Product 007,Brand 003,Quality 013,Item 0009,BQS0013,9,3.39
PIG007,2026-11-01,110,0,4.31,344,139,May,FY26,11,2026-11-01,Product 007,Brand 003,Quality 013,Item 0009,BQS0013,9,3.39
PIG007,2026-12-01,102,0,5.05,343,131,Jun,FY26,12,2026-12-01,Product 007,Brand 003,Quality 013,Item 0009,BQS0013,9,3.39
PIG007,2027-01-01,22,0,5.34,385,79,Jul,FY27,1,2027-01-01,Product 007,Brand 003,Quality 013,Item 0009,BQS0013,9,3.39
PIG007,2027-02-01,79,0,5.15,348,107,Aug,FY27,2,2027-02-01,Product 007,Brand 003,Quality 013,Item 0009,BQS0013,9,3.39
PIG007,2027-03-01,85,0,4.66,641,208,Sep,FY27,3,2027-03-01,Product 007,Brand 003,Quality 013,Item 0009,BQS0013,9,3.39
PIG007,2027-04-01,116,0,1.68,517,144,Oct,FY27,4,2027-04-01,Product 007,Brand 003,Quality 013,Item 0009,BQS0013,9,3.39
PIG007,2027-05-01,125,0,6.07,570,105,Nov,FY27,5,2027-05-01,Product 007,Brand 003,Quality 013,Item 0009,BQS0013,9,3.39
PIG007,2027-06-01,154,0,4.04,426,0,Dec,FY27,6,2027-06-01,Product 007,Brand 003,Quality 013,Item 0009,BQS0013,9,3.39
PIG007,2027-07-01,184,0,1.57,323,0,Jan,FY27,7,2027-07-01,Product 007,Brand 003,Quality 013,Item 0009,BQS0013,9,3.39
PIG007,2027-08-01,163,0,0.58,87,0,Feb,FY27,8,2027-08-01,Product 007,Brand 003,Quality 013,Item 0009,BQS0013,9,3.39
PIG007,2027-09-01,86,0,0.0,0,0,Mar,FY27,9,2027-09-01,Product 007,Brand 003,Quality 013,Item 0009,BQS0013,9,3.39
PIG007,2027-10-01,103,0,0.0,0,0,Apr,FY27,10,2027-10-01,Product 007,Brand 003,Quality 013,Item 0009,BQS0013,9,3.39
PIG007,2027-11-01,112,0,0.0,0,0,May,FY27,11,2027-11-01,Product 007,Brand 003,Quality 013,Item 0009,BQS0013,9,3.39
PIG007,2027-12-01,106,0,0.0,0,0,Jun,FY27,12,2027-12-01,Product 007,Brand 003,Quality 013,Item 0009,BQS0013,9,3.39
PIG008,2025-12-01,0,17,114.84,23,0,Jun,FY25,12,2025-12-01,Product 008,Brand 003,Quality 013,Item 0010,BQS0014,3,2.65
PIG008,2026-01-01,0,0,64.32,22,0,Jul,FY26,1,2026-01-01,Product 008,Brand 003,Quality 013,Item 0010,BQS0014,3,2.65
PIG008,2026-02-01,0,0,85.82,13,0,Aug,FY26,2,2026-02-01,Product 008,Brand 003,Quality 013,Item 0010,BQS0014,3,2.65
PIG008,2026-03-01,0,0,82.77,25,0,Sep,FY26,3,2026-03-01,Product 008,Brand 003,Quality 013,Item 0010,BQS0014,3,2.65
PIG008,2026-04-01,0,0,77.31,13,0,Oct,FY26,4,2026-04-01,Product 008,Brand 003,Quality 013,Item 0010,BQS0014,3,2.65
PIG008,2026-05-01,0,0,51.7,20,0,Nov,FY26,5,2026-05-01,Product 008,Brand 003,Quality 013,Item 0010,BQS0014,3,2.65
PIG008,2026-06-01,0,0,92.46,18,0,Dec,FY26,6,2026-06-01,Product 008,Brand 003,Quality 013,Item 0010,BQS0014,3,2.65
PIG008,2026-07-01,0,0,90.37,21,0,Jan,FY26,7,2026-07-01,Product 008,Brand 003,Quality 013,Item 0010,BQS0014,3,2.65
PIG008,2026-08-01,0,0,105.7,22,0,Feb,FY26,8,2026-08-01,Product 008,Brand 003,Quality 013,Item 0010,BQS0014,3,2.65
PIG008,2026-09-01,0,0,72.07,19,0,Mar,FY26,9,2026-09-01,Product 008,Brand 003,Quality 013,Item 0010,BQS0014,3,2.65
PIG008,2026-10-01,0,0,73.68,26,0,Apr,FY26,10,2026-10-01,Product 008,Brand 003,Quality 013,Item 0010,BQS0014,3,2.65
PIG008,2026-11-01,0,0,96.34,19,0,May,FY26,11,2026-11-01,Product 008,Brand 003,Quality 013,Item 0010,BQS0014,3,2.65
PIG008,2026-12-01,0,0,77.1,24,0,Jun,FY26,12,2026-12-01,Product 008,Brand 003,Quality 013,Item 0010,BQS0014,3,2.65
PIG008,2027-01-01,0,0,75.77,22,0,Jul,FY27,1,2027-01-01,Product 008,Brand 003,Quality 013,Item 0010,BQS0014,3,2.65
PIG008,2027-02-01,0,0,99.85,25,0,Aug,FY27,2,2027-02-01,Product 008,Brand 003,Quality 013,Item 0010,BQS0014,3,2.65
PIG008,2027-03-01,0,0,74.67,19,0,Sep,FY27,3,2027-03-01,Product 008,Brand 003,Quality 013,Item 0010,BQS0014,3,2.65
PIG008,2027-04-01,0,0,71.74,16,0,Oct,FY27,4,2027-04-01,Product 008,Brand 003,Quality 013,Item 0010,BQS0014,3,2.65
PIG008,2027-05-01,0,0,100.86,18,0,Nov,FY27,5,2027-05-01,Product 008,Brand 003,Quality 013,Item 0010,BQS0014,3,2.65
PIG008,2027-06-01,0,0,73.82,18,0,Dec,FY27,6,2027-06-01,Product 008,Brand 003,Quality 013,Item 0010,BQS0014,3,2.65
PIG008,2027-07-01,0,0,104.46,21,0,Jan,FY27,7,2027-07-01,Product 008,Brand 003,Quality 013,Item 0010,BQS0014,3,2.65
PIG008,2027-08-01,0,0,128.1,21,0,Feb,FY27,8,2027-08-01,Product 008,Brand 003,Quality 013,Item 0010,BQS0014,3,2.65
PIG008,2027-09-01,0,0,64.58,24,0,Mar,FY27,9,2027-09-01,Product 008,Brand 003,Quality 013,Item 0010,BQS0014,3,2.65
PIG008,2027-10-01,0,0,90.94,14,0,Apr,FY27,10,2027-10-01,Product 008,Brand 003,Quality 013,Item 0010,BQS0014,3,2.65
PIG008,2027-11-01,0,0,145.82,17,0,May,FY27,11,2027-11-01,Product 008,Brand 003,Quality 013,Item 0010,BQS0014,3,2.65
PIG008,2027-12-01,0,0,53.03,18,0,Jun,FY27,12,2027-12-01,Product 008,Brand 003,Quality 013,Item 0010,BQS0014,3,2.65
PIG009,2025-12-01,0,0,0.0,0,0,Jun,FY25,12,2025-12-01,Product 009,Brand 003,Quality 013,Item 0011,BQS0015,2,4.29
PIG009,2026-01-01,0,0,0.0,0,0,Jul,FY26,1,2026-01-01,Product 009,Brand 003,Quality 013,Item 0011,BQS0015,2,4.29
PIG009,2026-02-01,0,0,0.0,0,0,Aug,FY26,2,2026-02-01,Product 009,Brand 003,Quality 013,Item 0011,BQS0015,2,4.29
PIG009,2026-03-01,0,0,0.0,0,0,Sep,FY26,3,2026-03-01,Product 009,Brand 003,Quality 013,Item 0011,BQS0015,2,4.29
PIG009,2026-04-01,0,0,0.0,0,0,Oct,FY26,4,2026-04-01,Product 009,Brand 003,Quality 013,Item 0011,BQS0015,2,4.29
PIG009,2026-05-01,0,0,0.0,0,0,Nov,FY26,5,2026-05-01,Product 009,Brand 003,Quality 013,Item 0011,BQS0015,2,4.29
PIG009,2026-06-01,0,0,0.0,0,0,Dec,FY26,6,2026-06-01,Product 009,Brand 003,Quality 013,Item 0011,BQS0015,2,4.29
PIG009,2026-07-01,0,0,0.0,0,0,Jan,FY26,7,2026-07-01,Product 009,Brand 003,Quality 013,Item 0011,BQS0015,2,4.29
PIG009,2026-08-01,0,0,0.0,0,0,Feb,FY26,8,2026-08-01,Product 009,Brand 003,Quality 013,Item 0011,BQS0015,2,4.29
PIG009,2026-09-01,0,0,0.0,0,0,Mar,FY26,9,2026-09-01,Product 009,Brand 003,Quality 013,Item 0011,BQS0015,2,4.29
PIG009,2026-10-01,0,0,0.0,0,0,Apr,FY26,10,2026-10-01,Product 009,Brand 003,Quality 013,Item 0011,BQS0015,2,4.29
PIG009,2026-11-01,0,0,0.0,0,0,May,FY26,11,2026-11-01,Product 009,Brand 003,Quality 013,Item 0011,BQS0015,2,4.29
PIG009,2026-12-01,0,0,0.0,0,0,Jun,FY26,12,2026-12-01,Product 009,Brand 003,Quality 013,Item 0011,BQS0015,2,4.29
PIG009,2027-01-01,0,0,0.0,0,0,Jul,FY27,1,2027-01-01,Product 009,Brand 003,Quality 013,Item 0011,BQS0015,2,4.29
PIG009,2027-02-01,0,0,0.0,0,0,Aug,FY27,2,2027-02-01,Product 009,Brand 003,Quality 013,Item 0011,BQS0015,2,4.29
PIG009,2027-03-01,0,0,0.0,0,0,Sep,FY27,3,2027-03-01,Product 009,Brand 003,Quality 013,Item 0011,BQS0015,2,4.29
PIG009,2027-04-01,0,0,0.0,0,0,Oct,FY27,4,2027-04-01,Product 009,Brand 003,Quality 013,Item 0011,BQS0015,2,4.29
PIG009,2027-05-01,0,0,0.0,0,0,Nov,FY27,5,2027-05-01,Product 009,Brand 003,Quality 013,Item 0011,BQS0015,2,4.29
PIG009,2027-06-01,0,0,0.0,0,0,Dec,FY27,6,2027-06-01,Product 009,Brand 003,Quality 013,Item 0011,BQS0015,2,4.29
PIG009,2027-07-01,0,0,0.0,0,0,Jan,FY27,7,2027-07-01,Product 009,Brand 003,Quality 013,Item 0011,BQS0015,2,4.29
PIG009,2027-08-01,0,0,0.0,0,0,Feb,FY27,8,2027-08-01,Product 009,Brand 003,Quality 013,Item 0011,BQS0015,2,4.29
PIG009,2027-09-01,0,0,0.0,0,0,Mar,FY27,9,2027-09-01,Product 009,Brand 003,Quality 013,Item 0011,BQS0015,2,4.29
PIG009,2027-10-01,0,0,0.0,0,0,Apr,FY27,10,2027-10-01,Product 009,Brand 003,Quality 013,Item 0011,BQS0015,2,4.29
PIG009,2027-11-01,0,0,0.0,0,0,May,FY27,11,2027-11-01,Product 009,Brand 003,Quality 013,Item 0011,BQS0015,2,4.29
PIG009,2027-12-01,0,0,0.0,0,0,Jun,FY27,12,2027-12-01,Product 009,Brand 003,Quality 013,Item 0011,BQS0015,2,4.29
PIG010,2025-12-01,0,0,0.0,0,0,Jun,FY25,12,2025-12-01,Product 010,Brand 003,Quality 014,Item 0013,BQS0017,6,1.56
PIG010,2026-01-01,0,0,0.0,0,0,Jul,FY26,1,2026-01-01,Product 010,Brand 003,Quality 014,Item 0013,BQS0017,6,1.56
PIG010,2026-02-01,0,0,0.0,0,0,Aug,FY26,2,2026-02-01,Product 010,Brand 003,Quality 014,Item 0013,BQS0017,6,1.56
PIG010,2026-03-01,0,0,0.0,0,0,Sep,FY26,3,2026-03-01,Product 010,Brand 003,Quality 014,Item 0013,BQS0017,6,1.56
PIG010,2026-04-01,0,0,0.0,0,0,Oct,FY26,4,2026-04-01,Product 010,Brand 003,Quality 014,Item 0013,BQS0017,6,1.56
PIG010,2026-05-01,0,0,0.0,0,0,Nov,FY26,5,2026-05-01,Product 010,Brand 003,Quality 014,Item 0013,BQS0017,6,1.56
PIG010,2026-06-01,0,0,0.0,0,0,Dec,FY26,6,2026-06-01,Product 010,Brand 003,Quality 014,Item 0013,BQS0017,6,1.56
PIG010,2026-07-01,0,0,0.0,0,0,Jan,FY26,7,2026-07-01,Product 010,Brand 003,Quality 014,Item 0013,BQS0017,6,1.56
PIG010,2026-08-01,0,0,0.0,0,0,Feb,FY26,8,2026-08-01,Product 010,Brand 003,Quality 014,Item 0013,BQS0017,6,1.56
PIG010,2026-09-01,0,0,0.0,0,0,Mar,FY26,9,2026-09-01,Product 010,Brand 003,Quality 014,Item 0013,BQS0017,6,1.56
PIG010,2026-10-01,0,0,0.0,0,0,Apr,FY26,10,2026-10-01,Product 010,Brand 003,Quality 014,Item 0013,BQS0017,6,1.56
PIG010,2026-11-01,0,0,0.0,0,0,May,FY26,11,2026-11-01,Product 010,Brand 003,Quality 014,Item 0013,BQS0017,6,1.56
PIG010,2026-12-01,0,0,0.0,0,0,Jun,FY26,12,2026-12-01,Product 010,Brand 003,Quality 014,Item 0013,BQS0017,6,1.56
PIG010,2027-01-01,0,0,0.0,0,0,Jul,FY27,1,2027-01-01,Product 010,Brand 003,Quality 014,Item 0013,BQS0017,6,1.56
PIG010,2027-02-01,0,0,0.0,0,0,Aug,FY27,2,2027-02-01,Product 010,Brand 003,Quality 014,Item 0013,BQS0017,6,1.56
PIG010,2027-03-01,0,0,0.0,0,0,Sep,FY27,3,2027-03-01,Product 010,Brand 003,Quality 014,Item 0013,BQS0017,6,1.56
PIG010,2027-04-01,0,0,0.0,0,0,Oct,FY27,4,2027-04-01,Product 010,Brand 003,Quality 014,Item 0013,BQS0017,6,1.56
PIG010,2027-05-01,0,0,0.0,0,0,Nov,FY27,5,2027-05-01,Product 010,Brand 003,Quality 014,Item 0013,BQS0017,6,1.56
PIG010,2027-06-01,0,0,0.0,0,0,Dec,FY27,6,2027-06-01,Product 010,Brand 003,Quality 014,Item 0013,BQS0017,6,1.56
PIG010,2027-07-01,0,0,0.0,0,0,Jan,FY27,7,2027-07-01,Product 010,Brand 003,Quality 014,Item 0013,BQS0017,6,1.56
PIG010,2027-08-01,0,0,0.0,0,0,Feb,FY27,8,2027-08-01,Product 010,Brand 003,Quality 014,Item 0013,BQS0017,6,1.56
PIG010,2027-09-01,0,0,0.0,0,0,Mar,FY27,9,2027-09-01,Product 010,Brand 003,Quality 014,Item 0013,BQS0017,6,1.56
PIG010,2027-10-01,0,0,0.0,0,0,Apr,FY27,10,2027-10-01,Product 010,Brand 003,Quality 014,Item 0013,BQS0017,6,1.56
PIG010,2027-11-01,0,0,0.0,0,0,May,FY27,11,2027-11-01,Product 010,Brand 003,Quality 014,Item 0013,BQS0017,6,1.56
PIG010,2027-12-01,0,0,0.0,0,0,Jun,FY27,12,2027-12-01,Product 010,Brand 003,Quality 014,Item 0013,BQS0017,6,1.56
PIG011,2025-12-01,1,17,103.06,27,0,Jun,FY25,12,2025-12-01,Product 011,Brand 004,Quality 016,Item 0015,BQS0033,7,1.45
PIG011,2026-01-01,0,0,109.11,25,0,Jul,FY26,1,2026-01-01,Product 011,Brand 004,Quality 016,Item 0015,BQS0033,7,1.45
PIG011,2026-02-01,1,0,94.29,18,0,Aug,FY26,2,2026-02-01,Product 011,Brand 004,Quality 016,Item 0015,BQS0033,7,1.45
PIG011,2026-03-01,0,0,54.82,18,0,Sep,FY26,3,2026-03-01,Product 011,Brand 004,Quality 016,Item 0015,BQS0033,7,1.45
PIG011,2026-04-01,1,0,128.66,26,0,Oct,FY26,4,2026-04-01,Product 011,Brand 004,Quality 016,Item 0015,BQS0033,7,1.45
PIG011,2026-05-01,1,0,109.9,15,0,Nov,FY26,5,2026-05-01,Product 011,Brand 004,Quality 016,Item 0015,BQS0033,7,1.45
PIG011,2026-06-01,0,0,102.49,23,0,Dec,FY26,6,2026-06-01,Product 011,Brand 004,Quality 016,Item 0015,BQS0033,7,1.45
PIG011,2026-07-01,2,0,109.19,21,0,Jan,FY26,7,2026-07-01,Product 011,Brand 004,Quality 016,Item 0015,BQS0033,7,1.45
PIG011,2026-08-01,0,0,76.68,17,0,Feb,FY26,8,2026-08-01,Product 011,Brand 004,Quality 016,Item 0015,BQS0033,7,1.45
PIG011,2026-09-01,0,0,104.38,13,0,Mar,FY26,9,2026-09-01,Product 011,Brand 004,Quality 016,Item 0015,BQS0033,7,1.45
PIG011,2026-10-01,0,0,79.46,22,0,Apr,FY26,10,2026-10-01,Product 011,Brand 004,Quality 016,Item 0015,BQS0033,7,1.45
PIG011,2026-11-01,2,0,68.89,19,0,May,FY26,11,2026-11-01,Product 011,Brand 004,Quality 016,Item 0015,BQS0033,7,1.45
PIG011,2026-12-01,0,0,97.19,15,0,Jun,FY26,12,2026-12-01,Product 011,Brand 004,Quality 016,Item 0015,BQS0033,7,1.45
PIG011,2027-01-01,1,0,83.31,13,0,Jul,FY27,1,2027-01-01,Product 011,Brand 004,Quality 016,Item 0015,BQS0033,7,1.45
PIG011,2027-02-01,1,0,111.9,11,0,Aug,FY27,2,2027-02-01,Product 011,Brand 004,Quality 016,Item 0015,BQS0033,7,1.45
PIG011,2027-03-01,0,0,98.3,11,0,Sep,FY27,3,2027-03-01,Product 011,Brand 004,Quality 016,Item 0015,BQS0033,7,1.45
PIG011,2027-04-01,1,0,112.65,8,0,Oct,FY27,4,2027-04-01,Product 011,Brand 004,Quality 016,Item 0015,BQS0033,7,1.45
PIG011,2027-05-01,0,0,114.4,10,0,Nov,FY27,5,2027-05-01,Product 011,Brand 004,Quality 016,Item 0015,BQS0033,7,1.45
PIG011,2027-06-01,2,0,62.99,14,0,Dec,FY27,6,2027-06-01,Product 011,Brand 004,Quality 016,Item 0015,BQS0033,7,1.45
PIG011,2027-07-01,0,0,116.19,7,0,Jan,FY27,7,2027-07-01,Product 011,Brand 004,Quality 016,Item 0015,BQS0033,7,1.45
PIG011,2027-08-01,2,0,134.33,11,0,Feb,FY27,8,2027-08-01,Product 011,Brand 004,Quality 016,Item 0015,BQS0033,7,1.45
PIG011,2027-09-01,0,0,138.35,12,0,Mar,FY27,9,2027-09-01,Product 011,Brand 004,Quality 016,Item 0015,BQS0033,7,1.45
PIG011,2027-10-01,0,0,66.15,10,0,Apr,FY27,10,2027-10-01,Product 011,Brand 004,Quality 016,Item 0015,BQS0033,7,1.45
PIG011,2027-11-01,0,0,103.13,8,0,May,FY27,11,2027-11-01,Product 011,Brand 004,Quality 016,Item 0015,BQS0033,7,1.45
PIG011,2027-12-01,0,0,135.08,11,0,Jun,FY27,12,2027-12-01,Product 011,Brand 004,Quality 016,Item 0015,BQS0033,7,1.45
PIG012,2025-12-01,0,1,62.18,2,0,Jun,FY25,12,2025-12-01,Product 012,Brand 005,Quality 019,Item 0017,BQS0018,7,0.0
PIG012,2026-01-01,0,0,89.5,3,0,Jul,FY26,1,2026-01-01,Product 012,Brand 005,Quality 019,Item 0017,BQS0018,7,0.0
PIG012,2026-02-01,0,0,94.69,1,0,Aug,FY26,2,2026-02-01,Product 012,Brand 005,Quality 019,Item 0017,BQS0018,7,0.0
PIG012,2026-03-01,0,0,119.32,1,0,Sep,FY26,3,2026-03-01,Product 012,Brand 005,Quality 019,Item 0017,BQS0018,7,0.0
PIG012,2026-04-01,0,0,114.79,2,0,Oct,FY26,4,2026-04-01,Product 012,Brand 005,Quality 019,Item 0017,BQS0018,7,0.0
PIG012,2026-05-01,0,0,114.18,1,0,Nov,FY26,5,2026-05-01,Product 012,Brand 005,Quality 019,Item 0017,BQS0018,7,0.0
PIG012,2026-06-01,0,0,90.79,3,0,Dec,FY26,6,2026-06-01,Product 012,Brand 005,Quality 019,Item 0017,BQS0018,7,0.0
PIG012,2026-07-01,0,0,107.49,1,0,Jan,FY26,7,2026-07-01,Product 012,Brand 005,Quality 019,Item 0017,BQS0018,7,0.0
PIG012,2026-08-01,0,0,76.87,0,0,Feb,FY26,8,2026-08-01,Product 012,Brand 005,Quality 019,Item 0017,BQS0018,7,0.0
PIG012,2026-09-01,0,0,116.07,2,0,Mar,FY26,9,2026-09-01,Product 012,Brand 005,Quality 019,Item 0017,BQS0018,7,0.0
PIG012,2026-10-01,0,0,84.57,1,0,Apr,FY26,10,2026-10-01,Product 012,Brand 005,Quality 019,Item 0017,BQS0018,7,0.0
PIG012,2026-11-01,0,0,81.38,0,0,May,FY26,11,2026-11-01,Product 012,Brand 005,Quality 019,Item 0017,BQS0018,7,0.0
PIG012,2026-12-01,0,0,100.67,1,0,Jun,FY26,12,2026-12-01,Product 012,Brand 005,Quality 019,Item 0017,BQS0018,7,0.0
PIG012,2027-01-01,0,0,111.87,2,0,Jul,FY27,1,2027-01-01,Product 012,Brand 005,Quality 019,Item 0017,BQS0018,7,0.0
PIG012,2027-02-01,0,0,81.2,1,0,Aug,FY27,2,2027-02-01,Product 012,Brand 005,Quality 019,Item 0017,BQS0018,7,0.0
PIG012,2027-03-01,0,0,103.72,1,0,Sep,FY27,3,2027-03-01,Product 012,Brand 005,Quality 019,Item 0017,BQS0018,7,0.0
PIG012,2027-04-01,0,0,85.62,3,0,Oct,FY27,4,2027-04-01,Product 012,Brand 005,Quality 019,Item 0017,BQS0018,7,0.0
PIG012,2027-05-01,0,0,63.94,1,0,Nov,FY27,5,2027-05-01,Product 012,Brand 005,Quality 019,Item 0017,BQS0018,7,0.0
PIG012,2027-06-01,0,0,108.96,2,0,Dec,FY27,6,2027-06-01,Product 012,Brand 005,Quality 019,Item 0017,BQS0018,7,0.0
PIG012,2027-07-01,0,0,96.2,3,0,Jan,FY27,7,2027-07-01,Product 012,Brand 005,Quality 019,Item 0017,BQS0018,7,0.0
PIG012,2027-08-01,0,0,85.45,0,0,Feb,FY27,8,2027-08-01,Product 012,Brand 005,Quality 019,Item 0017,BQS0018,7,0.0
PIG012,2027-09-01,0,0,50.0,1,0,Mar,FY27,9,2027-09-01,Product 012,Brand 005,Quality 019,Item 0017,BQS0018,7,0.0
PIG012,2027-10-01,0,0,68.71,2,0,Apr,FY27,10,2027-10-01,Product 012,Brand 005,Quality 019,Item 0017,BQS0018,7,0.0
PIG012,2027-11-01,0,0,142.03,0,0,May,FY27,11,2027-11-01,Product 012,Brand 005,Quality 019,Item 0017,BQS0018,7,0.0
PIG012,2027-12-01,0,0,143.86,2,0,Jun,FY27,12,2027-12-01,Product 012,Brand 005,Quality 019,Item 0017,BQS0018,7,0.0
PIG013,2025-12-01,405,1248,85.22,734,0,Jun,FY25,12,2025-12-01,Product 013,Brand 006,Quality 022,Item 0020,BQS0004,12,1.47
PIG013,2026-01-01,275,0,140.41,463,0,Jul,FY26,1,2026-01-01,Product 013,Brand 006,Quality 022,Item 0020,BQS0004,12,1.47
PIG013,2026-02-01,322,0,124.44,93,0,Aug,FY26,2,2026-02-01,Product 013,Brand 006,Quality 022,Item 0020,BQS0004,12,1.47
PIG013,2026-03-01,0,0,124.48,82,0,Sep,FY26,3,2026-03-01,Product 013,Brand 006,Quality 022,Item 0020,BQS0004,12,1.47
PIG013,2026-04-01,0,0,97.85,97,0,Oct,FY26,4,2026-04-01,Product 013,Brand 006,Quality 022,Item 0020,BQS0004,12,1.47
PIG013,2026-05-01,0,0,85.73,95,0,Nov,FY26,5,2026-05-01,Product 013,Brand 006,Quality 022,Item 0020,BQS0004,12,1.47
PIG013,2026-06-01,0,0,122.68,95,0,Dec,FY26,6,2026-06-01,Product 013,Brand 006,Quality 022,Item 0020,BQS0004,12,1.47
PIG013,2026-07-01,0,0,90.86,106,0,Jan,FY26,7,2026-07-01,Product 013,Brand 006,Quality 022,Item 0020,BQS0004,12,1.47
PIG013,2026-08-01,0,0,56.89,116,0,Feb,FY26,8,2026-08-01,Product 013,Brand 006,Quality 022,Item 0020,BQS0004,12,1.47
PIG013,2026-09-01,0,0,119.1,90,0,Mar,FY26,9,2026-09-01,Product 013,Brand 006,Quality 022,Item 0020,BQS0004,12,1.47
PIG013,2026-10-01,0,0,93.91,99,0,Apr,FY26,10,2026-10-01,Product 013,Brand 006,Quality 022,Item 0020,BQS0004,12,1.47
PIG013,2026-11-01,0,0,107.2,85,0,May,FY26,11,2026-11-01,Product 013,Brand 006,Quality 022,Item 0020,BQS0004,12,1.47
PIG013,2026-12-01,0,0,140.8,74,0,Jun,FY26,12,2026-12-01,Product 013,Brand 006,Quality 022,Item 0020,BQS0004,12,1.47
PIG013,2027-01-01,0,0,71.69,68,0,Jul,FY27,1,2027-01-01,Product 013,Brand 006,Quality 022,Item 0020,BQS0004,12,1.47
PIG013,2027-02-01,0,0,76.51,121,0,Aug,FY27,2,2027-02-01,Product 013,Brand 006,Quality 022,Item 0020,BQS0004,12,1.47
PIG013,2027-03-01,0,0,94.63,87,0,Sep,FY27,3,2027-03-01,Product 013,Brand 006,Quality 022,Item 0020,BQS0004,12,1.47
PIG013,2027-04-01,0,0,118.24,112,0,Oct,FY27,4,2027-04-01,Product 013,Brand 006,Quality 022,Item 0020,BQS0004,12,1.47
PIG013,2027-05-01,0,0,72.42,116,0,Nov,FY27,5,2027-05-01,Product 013,Brand 006,Quality 022,Item 0020,BQS0004,12,1.47
PIG013,2027-06-01,0,0,118.73,85,0,Dec,FY27,6,2027-06-01,Product 013,Brand 006,Quality 022,Item 0020,BQS0004,12,1.47
PIG013,2027-07-01,0,0,129.3,126,0,Jan,FY27,7,2027-07-01,Product 013,Brand 006,Quality 022,Item 0020,BQS0004,12,1.47
PIG013,2027-08-01,0,0,128.88,120,0,Feb,FY27,8,2027-08-01,Product 013,Brand 006,Quality 022,Item 0020,BQS0004,12,1.47
PIG013,2027-09-01,0,0,107.13,94,0,Mar,FY27,9,2027-09-01,Product 013,Brand 006,Quality 022,Item 0020,BQS0004,12,1.47
PIG013,2027-10-01,0,0,128.71,79,0,Apr,FY27,10,2027-10-01,Product 013,Brand 006,Quality 022,Item 0020,BQS0004,12,1.47
PIG013,2027-11-01,0,0,102.79,80,0,May,FY27,11,2027-11-01,Product 013,Brand 006,Quality 022,Item 0020,BQS0004,12,1.47
PIG013,2027-12-01,0,0,93.93,102,0,Jun,FY27,12,2027-12-01,Product 013,Brand 006,Quality 022,Item 0020,BQS0004,12,1.47
PIG014,2025-12-01,32,176,51.66,208,0,Jun,FY25,12,2025-12-01,Product 014,Brand 006,Quality 022,Item 0019,BQS0005,23,0.0
PIG014,2026-01-01,44,0,92.78,92,0,Jul,FY26,1,2026-01-01,Product 014,Brand 006,Quality 022,Item 0019,BQS0005,23,0.0
PIG014,2026-02-01,48,0,94.86,90,0,Aug,FY26,2,2026-02-01,Product 014,Brand 006,Quality 022,Item 0019,BQS0005,23,0.0
PIG014,2026-03-01,0,0,132.58,89,0,Sep,FY26,3,2026-03-01,Product 014,Brand 006,Quality 022,Item 0019,BQS0005,23,0.0
PIG014,2026-04-01,0,0,107.65,67,0,Oct,FY26,4,2026-04-01,Product 014,Brand 006,Quality 022,Item 0019,BQS0005,23,0.0
PIG014,2026-05-01,0,0,137.27,46,0,Nov,FY26,5,2026-05-01,Product 014,Brand 006,Quality 022,Item 0019,BQS0005,23,0.0
PIG014,2026-06-01,0,0,81.37,46,0,Dec,FY26,6,2026-06-01,Product 014,Brand 006,Quality 022,Item 0019,BQS0005,23,0.0
PIG014,2026-07-01,0,0,87.7,82,0,Jan,FY26,7,2026-07-01,Product 014,Brand 006,Quality 022,Item 0019,BQS0005,23,0.0
PIG014,2026-08-01,0,0,117.95,50,0,Feb,FY26,8,2026-08-01,Product 014,Brand 006,Quality 022,Item 0019,BQS0005,23,0.0
PIG014,2026-09-01,0,0,79.94,49,0,Mar,FY26,9,2026-09-01,Product 014,Brand 006,Quality 022,Item 0019,BQS0005,23,0.0
PIG014,2026-10-01,0,0,78.75,83,0,Apr,FY26,10,2026-10-01,Product 014,Brand 006,Quality 022,Item 0019,BQS0005,23,0.0
PIG014,2026-11-01,0,0,74.46,84,0,May,FY26,11,2026-11-01,Product 014,Brand 006,Quality 022,Item 0019,BQS0005,23,0.0
PIG014,2026-12-01,0,0,106.3,84,0,Jun,FY26,12,2026-12-01,Product 014,Brand 006,Quality 022,Item 0019,BQS0005,23,0.0
PIG014,2027-01-01,0,0,61.84,63,0,Jul,FY27,1,2027-01-01,Product 014,Brand 006,Quality 022,Item 0019,BQS0005,23,0.0
PIG014,2027-02-01,0,0,106.46,49,0,Aug,FY27,2,2027-02-01,Product 014,Brand 006,Quality 022,Item 0019,BQS0005,23,0.0
PIG014,2027-03-01,0,0,105.37,66,0,Sep,FY27,3,2027-03-01,Product 014,Brand 006,Quality 022,Item 0019,BQS0005,23,0.0
PIG014,2027-04-01,0,0,108.41,74,0,Oct,FY27,4,2027-04-01,Product 014,Brand 006,Quality 022,Item 0019,BQS0005,23,0.0
PIG014,2027-05-01,0,0,81.99,90,0,Nov,FY27,5,2027-05-01,Product 014,Brand 006,Quality 022,Item 0019,BQS0005,23,0.0
PIG014,2027-06-01,0,0,68.96,90,0,Dec,FY27,6,2027-06-01,Product 014,Brand 006,Quality 022,Item 0019,BQS0005,23,0.0
PIG014,2027-07-01,0,0,65.81,78,0,Jan,FY27,7,2027-07-01,Product 014,Brand 006,Quality 022,Item 0019,BQS0005,23,0.0
PIG014,2027-08-01,0,0,132.49,75,0,Feb,FY27,8,2027-08-01,Product 014,Brand 006,Quality 022,Item 0019,BQS0005,23,0.0
PIG014,2027-09-01,0,0,92.48,91,0,Mar,FY27,9,2027-09-01,Product 014,Brand 006,Quality 022,Item 0019,BQS0005,23,0.0
PIG014,2027-10-01,0,0,104.69,64,0,Apr,FY27,10,2027-10-01,Product 014,Brand 006,Quality 022,Item 0019,BQS0005,23,0.0
PIG014,2027-11-01,0,0,98.33,80,0,May,FY27,11,2027-11-01,Product 014,Brand 006,Quality 022,Item 0019,BQS0005,23,0.0
PIG014,2027-12-01,0,0,84.01,63,0,Jun,FY27,12,2027-12-01,Product 014,Brand 006,Quality 022,Item 0019,BQS0005,23,0.0
PIG015,2025-12-01,0,89,89.07,78,0,Jun,FY25,12,2025-12-01,Product 015,Brand 006,Quality 024,Item 0021,BQS0006,5,0.24
PIG015,2026-01-01,0,0,120.11,75,0,Jul,FY26,1,2026-01-01,Product 015,Brand 006,Quality 024,Item 0021,BQS0006,5,0.24
PIG015,2026-02-01,0,0,118.16,82,0,Aug,FY26,2,2026-02-01,Product 015,Brand 006,Quality 024,Item 0021,BQS0006,5,0.24
PIG015,2026-03-01,0,0,124.62,79,0,Sep,FY26,3,2026-03-01,Product 015,Brand 006,Quality 024,Item 0021,BQS0006,5,0.24
PIG015,2026-04-01,0,0,79.2,93,0,Oct,FY26,4,2026-04-01,Product 015,Brand 006,Quality 024,Item 0021,BQS0006,5,0.24
PIG015,2026-05-01,0,0,96.36,66,0,Nov,FY26,5,2026-05-01,Product 015,Brand 006,Quality 024,Item 0021,BQS0006,5,0.24
PIG015,2026-06-01,0,0,125.99,81,0,Dec,FY26,6,2026-06-01,Product 015,Brand 006,Quality 024,Item 0021,BQS0006,5,0.24
PIG015,2026-07-01,0,0,122.99,97,0,Jan,FY26,7,2026-07-01,Product 015,Brand 006,Quality 024,Item 0021,BQS0006,5,0.24
PIG015,2026-08-01,0,0,110.53,67,0,Feb,FY26,8,2026-08-01,Product 015,Brand 006,Quality 024,Item 0021,BQS0006,5,0.24
PIG015,2026-09-01,0,0,104.07,53,0,Mar,FY26,9,2026-09-01,Product 015,Brand 006,Quality 024,Item 0021,BQS0006,5,0.24
PIG015,2026-10-01,0,0,125.39,52,0,Apr,FY26,10,2026-10-01,Product 015,Brand 006,Quality 024,Item 0021,BQS0006,5,0.24
PIG015,2026-11-01,0,0,106.36,80,0,May,FY26,11,2026-11-01,Product 015,Brand 006,Quality 024,Item 0021,BQS0006,5,0.24
PIG015,2026-12-01,0,0,110.82,73,0,Jun,FY26,12,2026-12-01,Product 015,Brand 006,Quality 024,Item 0021,BQS0006,5,0.24
PIG015,2027-01-01,0,0,145.84,58,0,Jul,FY27,1,2027-01-01,Product 015,Brand 006,Quality 024,Item 0021,BQS0006,5,0.24
PIG015,2027-02-01,0,0,120.5,64,0,Aug,FY27,2,2027-02-01,Product 015,Brand 006,Quality 024,Item 0021,BQS0006,5,0.24
PIG015,2027-03-01,0,0,58.31,72,0,Sep,FY27,3,2027-03-01,Product 015,Brand 006,Quality 024,Item 0021,BQS0006,5,0.24
PIG015,2027-04-01,0,0,116.7,89,0,Oct,FY27,4,2027-04-01,Product 015,Brand 006,Quality 024,Item 0021,BQS0006,5,0.24
PIG015,2027-05-01,0,0,113.77,69,0,Nov,FY27,5,2027-05-01,Product 015,Brand 006,Quality 024,Item 0021,BQS0006,5,0.24
PIG015,2027-06-01,0,0,118.3,74,0,Dec,FY27,6,2027-06-01,Product 015,Brand 006,Quality 024,Item 0021,BQS0006,5,0.24
PIG015,2027-07-01,0,0,105.41,55,0,Jan,FY27,7,2027-07-01,Product 015,Brand 006,Quality 024,Item 0021,BQS0006,5,0.24
PIG015,2027-08-01,0,0,95.66,58,0,Feb,FY27,8,2027-08-01,Product 015,Brand 006,Quality 024,Item 0021,BQS0006,5,0.24
PIG015,2027-09-01,0,0,99.21,39,0,Mar,FY27,9,2027-09-01,Product 015,Brand 006,Quality 024,Item 0021,BQS0006,5,0.24
PIG015,2027-10-01,0,0,130.12,68,0,Apr,FY27,10,2027-10-01,Product 015,Brand 006,Quality 024,Item 0021,BQS0006,5,0.24
PIG015,2027-11-01,0,0,54.71,94,0,May,FY27,11,2027-11-01,Product 015,Brand 006,Quality 024,Item 0021,BQS0006,5,0.24
PIG015,2027-12-01,0,0,139.36,85,0,Jun,FY27,12,2027-12-01,Product 015,Brand 006,Quality 024,Item 0021,BQS0006,5,0.24
PIG016,2025-12-01,0,83,1.11,46,0,Jun,FY25,12,2025-12-01,Product 016,Brand 007,Quality 026,Item 0022,BQS0031,6,0.83
PIG016,2026-01-01,22,0,3.19,40,0,Jul,FY26,1,2026-01-01,Product 016,Brand 007,Quality 026,Item 0022,BQS0031,6,0.83
PIG016,2026-02-01,14,0,2.94,19,0,Aug,FY26,2,2026-02-01,Product 016,Brand 007,Quality 026,Item 0022,BQS0031,6,0.83
PIG016,2026-03-01,18,0,0.28,5,0,Sep,FY26,3,2026-03-01,Product 016,Brand 007,Quality 026,Item 0022,BQS0031,6,0.83
PIG016,2026-04-01,12,0,7.93,123,128,Oct,FY26,4,2026-04-01,Product 016,Brand 007,Quality 026,Item 0022,BQS0031,6,0.83
PIG016,2026-05-01,20,0,5.64,62,0,Nov,FY26,5,2026-05-01,Product 016,Brand 007,Quality 026,Item 0022,BQS0031,6,0.83
PIG016,2026-06-01,41,0,3.43,58,0,Dec,FY26,6,2026-06-01,Product 016,Brand 007,Quality 026,Item 0022,BQS0031,6,0.83
PIG016,2026-07-01,8,0,3.73,48,0,Jan,FY26,7,2026-07-01,Product 016,Brand 007,Quality 026,Item 0022,BQS0031,6,0.83
PIG016,2026-08-01,9,0,5.94,86,53,Feb,FY26,8,2026-08-01,Product 016,Brand 007,Quality 026,Item 0022,BQS0031,6,0.83
PIG016,2026-09-01,19,0,4.24,81,0,Mar,FY26,9,2026-09-01,Product 016,Brand 007,Quality 026,Item 0022,BQS0031,6,0.83
PIG016,2026-10-01,6,0,4.14,41,0,Apr,FY26,10,2026-10-01,Product 016,Brand 007,Quality 026,Item 0022,BQS0031,6,0.83
PIG016,2026-11-01,11,0,3.09,44,0,May,FY26,11,2026-11-01,Product 016,Brand 007,Quality 026,Item 0022,BQS0031,6,0.83
PIG016,2026-12-01,36,0,3.33,60,66,Jun,FY26,12,2026-12-01,Product 016,Brand 007,Quality 026,Item 0022,BQS0031,6,0.83
PIG016,2027-01-01,22,0,6.08,102,64,Jul,FY27,1,2027-01-01,Product 016,Brand 007,Quality 026,Item 0022,BQS0031,6,0.83
PIG016,2027-02-01,16,0,4.69,84,0,Aug,FY27,2,2027-02-01,Product 016,Brand 007,Quality 026,Item 0022,BQS0031,6,0.83
PIG016,2027-03-01,23,0,5.13,124,56,Sep,FY27,3,2027-03-01,Product 016,Brand 007,Quality 026,Item 0022,BQS0031,6,0.83
PIG016,2027-04-01,11,0,9.62,68,0,Oct,FY27,4,2027-04-01,Product 016,Brand 007,Quality 026,Item 0022,BQS0031,6,0.83
PIG016,2027-05-01,12,0,3.73,71,0,Nov,FY27,5,2027-05-01,Product 016,Brand 007,Quality 026,Item 0022,BQS0031,6,0.83
PIG016,2027-06-01,40,0,2.22,64,0,Dec,FY27,6,2027-06-01,Product 016,Brand 007,Quality 026,Item 0022,BQS0031,6,0.83
PIG016,2027-07-01,11,0,2.73,33,0,Jan,FY27,7,2027-07-01,Product 016,Brand 007,Quality 026,Item 0022,BQS0031,6,0.83
PIG016,2027-08-01,5,0,1.93,39,0,Feb,FY27,8,2027-08-01,Product 016,Brand 007,Quality 026,Item 0022,BQS0031,6,0.83
PIG016,2027-09-01,22,0,1.24,17,0,Mar,FY27,9,2027-09-01,Product 016,Brand 007,Quality 026,Item 0022,BQS0031,6,0.83
PIG016,2027-10-01,8,0,1.21,5,0,Apr,FY27,10,2027-10-01,Product 016,Brand 007,Quality 026,Item 0022,BQS0031,6,0.83
PIG016,2027-11-01,15,0,0.0,0,0,May,FY27,11,2027-11-01,Product 016,Brand 007,Quality 026,Item 0022,BQS0031,6,0.83
PIG016,2027-12-01,26,0,0.0,0,0,Jun,FY27,12,2027-12-01,Product 016,Brand 007,Quality 026,Item 0022,BQS0031,6,0.83
PIG017,2025-12-01,0,521,5.68,322,0,Jun,FY25,12,2025-12-01,Product 017,Brand 007,Quality 028,Item 0023,BQS0030,4,1.37
PIG017,2026-01-01,63,0,7.43,292,0,Jul,FY26,1,2026-01-01,Product 017,Brand 007,Quality 028,Item 0023,BQS0030,4,1.37
PIG017,2026-02-01,60,0,2.79,194,0,Aug,FY26,2,2026-02-01,Product 017,Brand 007,Quality 028,Item 0023,BQS0030,4,1.37
PIG017,2026-03-01,146,0,3.86,271,72,Sep,FY26,3,2026-03-01,Product 017,Brand 007,Quality 028,Item 0023,BQS0030,4,1.37
PIG017,2026-04-01,64,0,5.46,311,65,Oct,FY26,4,2026-04-01,Product 017,Brand 007,Quality 028,Item 0023,BQS0030,4,1.37
PIG017,2026-05-01,58,0,4.23,251,0,Nov,FY26,5,2026-05-01,Product 017,Brand 007,Quality 028,Item 0023,BQS0030,4,1.37
PIG017,2026-06-01,144,0,5.86,163,107,Dec,FY26,6,2026-06-01,Product 017,Brand 007,Quality 028,Item 0023,BQS0030,4,1.37
PIG017,2026-07-01,39,0,2.07,149,62,Jan,FY26,7,2026-07-01,Product 017,Brand 007,Quality 028,Item 0023,BQS0030,4,1.37
PIG017,2026-08-01,29,0,4.01,239,64,Feb,FY26,8,2026-08-01,Product 017,Brand 007,Quality 028,Item 0023,BQS0030,4,1.37
PIG017,2026-09-01,105,0,4.23,208,136,Mar,FY26,9,2026-09-01,Product 017,Brand 007,Quality 028,Item 0023,BQS0030,4,1.37
PIG017,2026-10-01,44,0,5.87,340,112,Apr,FY26,10,2026-10-01,Product 017,Brand 007,Quality 028,Item 0023,BQS0030,4,1.37
PIG017,2026-11-01,51,0,3.32,290,70,May,FY26,11,2026-11-01,Product 017,Brand 007,Quality 028,Item 0023,BQS0030,4,1.37
PIG017,2026-12-01,128,0,0.0,322,115,Jun,FY26,12,2026-12-01,Product 017,Brand 007,Quality 028,Item 0023,BQS0030,4,1.37
PIG017,2027-01-01,52,0,4.09,220,41,Jul,FY27,1,2027-01-01,Product 017,Brand 007,Quality 028,Item 0023,BQS0030,4,1.37
PIG017,2027-02-01,81,0,1.97,267,61,Aug,FY27,2,2027-02-01,Product 017,Brand 007,Quality 028,Item 0023,BQS0030,4,1.37
PIG017,2027-03-01,153,0,3.76,260,179,Sep,FY27,3,2027-03-01,Product 017,Brand 007,Quality 028,Item 0023,BQS0030,4,1.37
PIG017,2027-04-01,55,0,4.15,266,48,Oct,FY27,4,2027-04-01,Product 017,Brand 007,Quality 028,Item 0023,BQS0030,4,1.37
PIG017,2027-05-01,81,0,2.93,221,0,Nov,FY27,5,2027-05-01,Product 017,Brand 007,Quality 028,Item 0023,BQS0030,4,1.37
PIG017,2027-06-01,143,0,2.23,60,0,Dec,FY27,6,2027-06-01,Product 017,Brand 007,Quality 028,Item 0023,BQS0030,4,1.37
PIG017,2027-07-01,26,0,1.94,35,0,Jan,FY27,7,2027-07-01,Product 017,Brand 007,Quality 028,Item 0023,BQS0030,4,1.37
PIG017,2027-08-01,31,0,0.0,11,0,Feb,FY27,8,2027-08-01,Product 017,Brand 007,Quality 028,Item 0023,BQS0030,4,1.37
PIG017,2027-09-01,82,0,0.0,0,0,Mar,FY27,9,2027-09-01,Product 017,Brand 007,Quality 028,Item 0023,BQS0030,4,1.37
PIG017,2027-10-01,23,0,0.0,0,0,Apr,FY27,10,2027-10-01,Product 017,Brand 007,Quality 028,Item 0023,BQS0030,4,1.37
PIG017,2027-11-01,79,0,0.0,0,0,May,FY27,11,2027-11-01,Product 017,Brand 007,Quality 028,Item 0023,BQS0030,4,1.37
PIG017,2027-12-01,133,0,0.0,0,0,Jun,FY27,12,2027-12-01,Product 017,Brand 007,Quality 028,Item 0023,BQS0030,4,1.37
PIG018,2025-12-01,0,3,14.35,0,0,Jun,FY25,12,2025-12-01,Product 018,Brand 011,Quality 041,Item 0032,BQS0027,3,1.23
PIG018,2026-01-01,3,0,13.26,0,0,Jul,FY26,1,2026-01-01,Product 018,Brand 011,Quality 041,Item 0032,BQS0027,3,1.23
PIG018,2026-02-01,0,0,9.58,1,0,Aug,FY26,2,2026-02-01,Product 018,Brand 011,Quality 041,Item 0032,BQS0027,3,1.23
PIG018,2026-03-01,0,0,9.23,1,0,Sep,FY26,3,2026-03-01,Product 018,Brand 011,Quality 041,Item 0032,BQS0027,3,1.23
PIG018,2026-04-01,0,0,7.45,2,0,Oct,FY26,4,2026-04-01,Product 018,Brand 011,Quality 041,Item 0032,BQS0027,3,1.23
PIG018,2026-05-01,0,0,7.85,0,0,Nov,FY26,5,2026-05-01,Product 018,Brand 011,Quality 041,Item 0032,BQS0027,3,1.23
PIG018,2026-06-01,0,0,7.82,0,0,Dec,FY26,6,2026-06-01,Product 018,Brand 011,Quality 041,Item 0032,BQS0027,3,1.23
PIG018,2026-07-01,0,0,8.47,1,0,Jan,FY26,7,2026-07-01,Product 018,Brand 011,Quality 041,Item 0032,BQS0027,3,1.23
PIG018,2026-08-01,0,0,8.41,1,0,Feb,FY26,8,2026-08-01,Product 018,Brand 011,Quality 041,Item 0032,BQS0027,3,1.23
PIG018,2026-09-01,1,0,7.79,0,0,Mar,FY26,9,2026-09-01,Product 018,Brand 011,Quality 041,Item 0032,BQS0027,3,1.23
PIG018,2026-10-01,0,0,5.81,1,0,Apr,FY26,10,2026-10-01,Product 018,Brand 011,Quality 041,Item 0032,BQS0027,3,1.23
PIG018,2026-11-01,0,0,4.38,0,0,May,FY26,11,2026-11-01,Product 018,Brand 011,Quality 041,Item 0032,BQS0027,3,1.23
PIG018,2026-12-01,0,0,4.42,0,0,Jun,FY26,12,2026-12-01,Product 018,Brand 011,Quality 041,Item 0032,BQS0027,3,1.23
PIG018,2027-01-01,0,0,3.25,0,0,Jul,FY27,1,2027-01-01,Product 018,Brand 011,Quality 041,Item 0032,BQS0027,3,1.23
PIG018,2027-02-01,0,0,0.05,0,0,Aug,FY27,2,2027-02-01,Product 018,Brand 011,Quality 041,Item 0032,BQS0027,3,1.23
PIG018,2027-03-01,0,0,0.0,0,0,Sep,FY27,3,2027-03-01,Product 018,Brand 011,Quality 041,Item 0032,BQS0027,3,1.23
PIG018,2027-04-01,2,0,0.0,1,0,Oct,FY27,4,2027-04-01,Product 018,Brand 011,Quality 041,Item 0032,BQS0027,3,1.23
PIG018,2027-05-01,0,0,0.0,0,0,Nov,FY27,5,2027-05-01,Product 018,Brand 011,Quality 041,Item 0032,BQS0027,3,1.23
PIG018,2027-06-01,0,0,0.0,1,0,Dec,FY27,6,2027-06-01,Product 018,Brand 011,Quality 041,Item 0032,BQS0027,3,1.23
PIG018,2027-07-01,0,0,0.0,0,0,Jan,FY27,7,2027-07-01,Product 018,Brand 011,Quality 041,Item 0032,BQS0027,3,1.23
PIG018,2027-08-01,0,0,0.0,0,0,Feb,FY27,8,2027-08-01,Product 018,Brand 011,Quality 041,Item 0032,BQS0027,3,1.23
PIG018,2027-09-01,0,0,0.0,0,0,Mar,FY27,9,2027-09-01,Product 018,Brand 011,Quality 041,Item 0032,BQS0027,3,1.23
PIG018,2027-10-01,0,0,0.0,0,0,Apr,FY27,10,2027-10-01,Product 018,Brand 011,Quality 041,Item 0032,BQS0027,3,1.23
PIG018,2027-11-01,0,0,0.0,1,0,May,FY27,11,2027-11-01,Product 018,Brand 011,Quality 041,Item 0032,BQS0027,3,1.23
PIG018,2027-12-01,0,0,0.0,0,0,Jun,FY27,12,2027-12-01,Product 018,Brand 011,Quality 041,Item 0032,BQS0027,3,1.23
PIG019,2025-12-01,0,16,118.32,19,0,Jun,FY25,12,2025-12-01,Product 019,Brand 011,Quality 039,Item 0030,BQS0026,2,1.46
PIG019,2026-01-01,3,0,90.84,27,0,Jul,FY26,1,2026-01-01,Product 019,Brand 011,Quality 039,Item 0030,BQS0026,2,1.46
PIG019,2026-02-01,1,0,123.37,19,0,Aug,FY26,2,2026-02-01,Product 019,Brand 011,Quality 039,Item 0030,BQS0026,2,1.46
PIG019,2026-03-01,0,0,134.67,12,0,Sep,FY26,3,2026-03-01,Product 019,Brand 011,Quality 039,Item 0030,BQS0026,2,1.46
PIG019,2026-04-01,0,0,115.29,15,0,Oct,FY26,4,2026-04-01,Product 019,Brand 011,Quality 039,Item 0030,BQS0026,2,1.46
PIG019,2026-05-01,0,0,70.27,24,3,Nov,FY26,5,2026-05-01,Product 019,Brand 011,Quality 039,Item 0030,BQS0026,2,1.46
PIG019,2026-06-01,0,0,117.39,16,0,Dec,FY26,6,2026-06-01,Product 019,Brand 011,Quality 039,Item 0030,BQS0026,2,1.46
PIG019,2026-07-01,0,0,124.8,19,0,Jan,FY26,7,2026-07-01,Product 019,Brand 011,Quality 039,Item 0030,BQS0026,2,1.46
PIG019,2026-08-01,2,0,95.94,19,0,Feb,FY26,8,2026-08-01,Product 019,Brand 011,Quality 039,Item 0030,BQS0026,2,1.46
PIG019,2026-09-01,2,0,98.09,12,0,Mar,FY26,9,2026-09-01,Product 019,Brand 011,Quality 039,Item 0030,BQS0026,2,1.46
PIG019,2026-10-01,1,0,72.74,17,0,Apr,FY26,10,2026-10-01,Product 019,Brand 011,Quality 039,Item 0030,BQS0026,2,1.46
PIG019,2026-11-01,0,0,84.28,15,0,May,FY26,11,2026-11-01,Product 019,Brand 011,Quality 039,Item 0030,BQS0026,2,1.46
PIG019,2026-12-01,0,0,131.34,11,0,Jun,FY26,12,2026-12-01,Product 019,Brand 011,Quality 039,Item 0030,BQS0026,2,1.46
PIG019,2027-01-01,3,0,129.63,11,0,Jul,FY27,1,2027-01-01,Product 019,Brand 011,Quality 039,Item 0030,BQS0026,2,1.46
PIG019,2027-02-01,0,0,79.17,11,0,Aug,FY27,2,2027-02-01,Product 019,Brand 011,Quality 039,Item 0030,BQS0026,2,1.46
PIG019,2027-03-01,1,0,59.79,14,0,Sep,FY27,3,2027-03-01,Product 019,Brand 011,Quality 039,Item 0030,BQS0026,2,1.46
PIG019,2027-04-01,2,0,112.31,9,0,Oct,FY27,4,2027-04-01,Product 019,Brand 011,Quality 039,Item 0030,BQS0026,2,1.46
PIG019,2027-05-01,0,0,86.04,4,0,Nov,FY27,5,2027-05-01,Product 019,Brand 011,Quality 039,Item 0030,BQS0026,2,1.46
PIG019,2027-06-01,2,0,121.5,12,0,Dec,FY27,6,2027-06-01,Product 019,Brand 011,Quality 039,Item 0030,BQS0026,2,1.46
PIG019,2027-07-01,0,0,100.75,8,0,Jan,FY27,7,2027-07-01,Product 019,Brand 011,Quality 039,Item 0030,BQS0026,2,1.46
PIG019,2027-08-01,1,0,71.09,3,0,Feb,FY27,8,2027-08-01,Product 019,Brand 011,Quality 039,Item 0030,BQS0026,2,1.46
PIG019,2027-09-01,0,0,75.24,5,0,Mar,FY27,9,2027-09-01,Product 019,Brand 011,Quality 039,Item 0030,BQS0026,2,1.46
PIG019,2027-10-01,0,0,118.92,3,0,Apr,FY27,10,2027-10-01,Product 019,Brand 011,Quality 039,Item 0030,BQS0026,2,1.46
PIG019,2027-11-01,0,0,114.47,4,0,May,FY27,11,2027-11-01,Product 019,Brand 011,Quality 039,Item 0030,BQS0026,2,1.46
PIG019,2027-12-01,0,0,81.1,2,0,Jun,FY27,12,2027-12-01,Product 019,Brand 011,Quality 039,Item 0030,BQS0026,2,1.46
PIG020,2025-12-01,0,142,5.16,180,0,Jun,FY25,12,2025-12-01,MALIBU RUM 6X0.7L,Brand 008,Quality 030,Item 0024,BQS0002,6,1.32
PIG020,2026-01-01,12,0,8.92,217,50,Jul,FY26,1,2026-01-01,MALIBU RUM 6X0.7L,Brand 008,Quality 030,Item 0024,BQS0002,6,1.32
PIG020,2026-02-01,0,0,5.85,207,47,Aug,FY26,2,2026-02-01,MALIBU RUM 6X0.7L,Brand 008,Quality 030,Item 0024,BQS0002,6,1.32
PIG020,2026-03-01,73,0,9.51,218,0,Sep,FY26,3,2026-03-01,MALIBU RUM 6X0.7L,Brand 008,Quality 030,Item 0024,BQS0002,6,1.32
PIG020,2026-04-01,33,0,8.18,206,0,Oct,FY26,4,2026-04-01,MALIBU RUM 6X0.7L,Brand 008,Quality 030,Item 0024,BQS0002,6,1.32
PIG020,2026-05-01,29,0,10.39,118,0,Nov,FY26,5,2026-05-01,MALIBU RUM 6X0.7L,Brand 008,Quality 030,Item 0024,BQS0002,6,1.32
PIG020,2026-06-01,19,0,5.65,137,0,Dec,FY26,6,2026-06-01,MALIBU RUM 6X0.7L,Brand 008,Quality 030,Item 0024,BQS0002,6,1.32
PIG020,2026-07-01,14,0,5.8,152,45,Jan,FY26,7,2026-07-01,MALIBU RUM 6X0.7L,Brand 008,Quality 030,Item 0024,BQS0002,6,1.32
PIG020,2026-08-01,19,0,7.06,93,0,Feb,FY26,8,2026-08-01,MALIBU RUM 6X0.7L,Brand 008,Quality 030,Item 0024,BQS0002,6,1.32
PIG020,2026-09-01,39,0,8.96,131,64,Mar,FY26,9,2026-09-01,MALIBU RUM 6X0.7L,Brand 008,Quality 030,Item 0024,BQS0002,6,1.32
PIG020,2026-10-01,20,0,2.13,163,0,Apr,FY26,10,2026-10-01,MALIBU RUM 6X0.7L,Brand 008,Quality 030,Item 0024,BQS0002,6,1.32
PIG020,2026-11-01,18,0,4.65,78,39,May,FY26,11,2026-11-01,MALIBU RUM 6X0.7L,Brand 008,Quality 030,Item 0024,BQS0002,6,1.32
PIG020,2026-12-01,23,0,2.53,89,0,Jun,FY26,12,2026-12-01,MALIBU RUM 6X0.7L,Brand 008,Quality 030,Item 0024,BQS0002,6,1.32
PIG020,2027-01-01,29,0,4.65,151,45,Jul,FY27,1,2027-01-01,MALIBU RUM 6X0.7L,Brand 008,Quality 030,Item 0024,BQS0002,6,1.32
PIG020,2027-02-01,31,0,6.14,101,0,Aug,FY27,2,2027-02-01,MALIBU RUM 6X0.7L,Brand 008,Quality 030,Item 0024,BQS0002,6,1.32
PIG020,2027-03-01,20,0,6.5,148,60,Sep,FY27,3,2027-03-01,MALIBU RUM 6X0.7L,Brand 008,Quality 030,Item 0024,BQS0002,6,1.32
PIG020,2027-04-01,33,0,5.16,97,0,Oct,FY27,4,2027-04-01,MALIBU RUM 6X0.7L,Brand 008,Quality 030,Item 0024,BQS0002,6,1.32
PIG020,2027-05-01,22,0,67.45,110,42,Nov,FY27,5,2027-05-01,MALIBU RUM 6X0.7L,Brand 008,Quality 030,Item 0024,BQS0002,6,1.32
PIG020,2027-06-01,20,0,126.76,66,0,Dec,FY27,6,2027-06-01,MALIBU RUM 6X0.7L,Brand 008,Quality 030,Item 0024,BQS0002,6,1.32
PIG020,2027-07-01,15,0,123.29,108,0,Jan,FY27,7,2027-07-01,MALIBU RUM 6X0.7L,Brand 008,Quality 030,Item 0024,BQS0002,6,1.32
PIG020,2027-08-01,14,0,68.48,90,0,Feb,FY27,8,2027-08-01,MALIBU RUM 6X0.7L,Brand 008,Quality 030,Item 0024,BQS0002,6,1.32
PIG020,2027-09-01,23,0,71.12,55,0,Mar,FY27,9,2027-09-01,MALIBU RUM 6X0.7L,Brand 008,Quality 030,Item 0024,BQS0002,6,1.32
PIG020,2027-10-01,14,0,129.35,37,0,Apr,FY27,10,2027-10-01,MALIBU RUM 6X0.7L,Brand 008,Quality 030,Item 0024,BQS0002,6,1.32
PIG020,2027-11-01,3,0,117.9,23,0,May,FY27,11,2027-11-01,MALIBU RUM 6X0.7L,Brand 008,Quality 030,Item 0024,BQS0002,6,1.32
PIG020,2027-12-01,2,0,108.26,24,0,Jun,FY27,12,2027-12-01,MALIBU RUM 6X0.7L,Brand 008,Quality 030,Item 0024,BQS0002,6,1.32
PIG021,2025-12-01,3,198,7.9,125,0,Jun,FY25,12,2025-12-01,Product 021,Brand 009,Quality 032,Item 0025,BQS0007,7,0.0
PIG021,2026-01-01,0,0,4.83,170,0,Jul,FY26,1,2026-01-01,Product 021,Brand 009,Quality 032,Item 0025,BQS0007,7,0.0
PIG021,2026-02-01,0,0,2.3,183,0,Aug,FY26,2,2026-02-01,Product 021,Brand 009,Quality 032,Item 0025,BQS0007,7,0.0
PIG021,2026-03-01,79,0,2.56,87,0,Sep,FY26,3,2026-03-01,Product 021,Brand 009,Quality 032,Item 0025,BQS0007,7,0.0
PIG021,2026-04-01,62,0,0.0,38,0,Oct,FY26,4,2026-04-01,Product 021,Brand 009,Quality 032,Item 0025,BQS0007,7,0.0
PIG021,2026-05-01,35,0,0.0,0,0,Nov,FY26,5,2026-05-01,Product 021,Brand 009,Quality 032,Item 0025,BQS0007,7,0.0
PIG021,2026-06-01,27,0,0.0,0,0,Dec,FY26,6,2026-06-01,Product 021,Brand 009,Quality 032,Item 0025,BQS0007,7,0.0
PIG021,2026-07-01,0,0,0.0,0,0,Jan,FY26,7,2026-07-01,Product 021,Brand 009,Quality 032,Item 0025,BQS0007,7,0.0
PIG021,2026-08-01,0,0,0.0,0,0,Feb,FY26,8,2026-08-01,Product 021,Brand 009,Quality 032,Item 0025,BQS0007,7,0.0
PIG021,2026-09-01,0,0,0.0,0,0,Mar,FY26,9,2026-09-01,Product 021,Brand 009,Quality 032,Item 0025,BQS0007,7,0.0
PIG021,2026-10-01,0,0,0.0,0,0,Apr,FY26,10,2026-10-01,Product 021,Brand 009,Quality 032,Item 0025,BQS0007,7,0.0
PIG021,2026-11-01,2,0,0.0,0,0,May,FY26,11,2026-11-01,Product 021,Brand 009,Quality 032,Item 0025,BQS0007,7,0.0
PIG021,2026-12-01,50,0,0.0,0,0,Jun,FY26,12,2026-12-01,Product 021,Brand 009,Quality 032,Item 0025,BQS0007,7,0.0
PIG021,2027-01-01,48,0,0.0,0,0,Jul,FY27,1,2027-01-01,Product 021,Brand 009,Quality 032,Item 0025,BQS0007,7,0.0
PIG021,2027-02-01,38,0,0.0,0,0,Aug,FY27,2,2027-02-01,Product 021,Brand 009,Quality 032,Item 0025,BQS0007,7,0.0
PIG021,2027-03-01,8,0,0.0,0,0,Sep,FY27,3,2027-03-01,Product 021,Brand 009,Quality 032,Item 0025,BQS0007,7,0.0
PIG021,2027-04-01,41,0,0.0,0,0,Oct,FY27,4,2027-04-01,Product 021,Brand 009,Quality 032,Item 0025,BQS0007,7,0.0
PIG021,2027-05-01,37,0,0.0,0,0,Nov,FY27,5,2027-05-01,Product 021,Brand 009,Quality 032,Item 0025,BQS0007,7,0.0
PIG021,2027-06-01,22,0,0.0,0,0,Dec,FY27,6,2027-06-01,Product 021,Brand 009,Quality 032,Item 0025,BQS0007,7,0.0
PIG021,2027-07-01,0,0,0.0,0,0,Jan,FY27,7,2027-07-01,Product 021,Brand 009,Quality 032,Item 0025,BQS0007,7,0.0
PIG021,2027-08-01,0,0,0.0,0,0,Feb,FY27,8,2027-08-01,Product 021,Brand 009,Quality 032,Item 0025,BQS0007,7,0.0
PIG021,2027-09-01,0,0,0.0,0,0,Mar,FY27,9,2027-09-01,Product 021,Brand 009,Quality 032,Item 0025,BQS0007,7,0.0
PIG021,2027-10-01,0,0,0.0,0,0,Apr,FY27,10,2027-10-01,Product 021,Brand 009,Quality 032,Item 0025,BQS0007,7,0.0
PIG021,2027-11-01,0,0,0.0,0,0,May,FY27,11,2027-11-01,Product 021,Brand 009,Quality 032,Item 0025,BQS0007,7,0.0
PIG021,2027-12-01,0,0,0.0,0,0,Jun,FY27,12,2027-12-01,Product 021,Brand 009,Quality 032,Item 0025,BQS0007,7,0.0
PIG022,2025-12-01,3,101,80.93,96,0,Jun,FY25,12,2025-12-01,Product 022,Brand 009,Quality 034,Item 0026,BQS0008,4,0.0
PIG022,2026-01-01,3,0,144.6,69,0,Jul,FY26,1,2026-01-01,Product 022,Brand 009,Quality 034,Item 0026,BQS0008,4,0.0
PIG022,2026-02-01,4,0,96.3,93,0,Aug,FY26,2,2026-02-01,Product 022,Brand 009,Quality 034,Item 0026,BQS0008,4,0.0
PIG022,2026-03-01,1,0,144.52,86,0,Sep,FY26,3,2026-03-01,Product 022,Brand 009,Quality 034,Item 0026,BQS0008,4,0.0
PIG022,2026-04-01,2,0,99.39,71,0,Oct,FY26,4,2026-04-01,Product 022,Brand 009,Quality 034,Item 0026,BQS0008,4,0.0
PIG022,2026-05-01,4,0,105.59,72,0,Nov,FY26,5,2026-05-01,Product 022,Brand 009,Quality 034,Item 0026,BQS0008,4,0.0
PIG022,2026-06-01,0,0,87.27,73,0,Dec,FY26,6,2026-06-01,Product 022,Brand 009,Quality 034,Item 0026,BQS0008,4,0.0
PIG022,2026-07-01,0,0,67.49,51,0,Jan,FY26,7,2026-07-01,Product 022,Brand 009,Quality 034,Item 0026,BQS0008,4,0.0
PIG022,2026-08-01,0,0,82.79,68,0,Feb,FY26,8,2026-08-01,Product 022,Brand 009,Quality 034,Item 0026,BQS0008,4,0.0
PIG022,2026-09-01,0,0,90.79,88,0,Mar,FY26,9,2026-09-01,Product 022,Brand 009,Quality 034,Item 0026,BQS0008,4,0.0
PIG022,2026-10-01,3,0,123.76,74,0,Apr,FY26,10,2026-10-01,Product 022,Brand 009,Quality 034,Item 0026,BQS0008,4,0.0
PIG022,2026-11-01,3,0,76.94,77,0,May,FY26,11,2026-11-01,Product 022,Brand 009,Quality 034,Item 0026,BQS0008,4,0.0
PIG022,2026-12-01,0,0,64.74,74,0,Jun,FY26,12,2026-12-01,Product 022,Brand 009,Quality 034,Item 0026,BQS0008,4,0.0
PIG022,2027-01-01,1,0,117.1,75,13,Jul,FY27,1,2027-01-01,Product 022,Brand 009,Quality 034,Item 0026,BQS0008,4,0.0
PIG022,2027-02-01,3,0,54.45,60,0,Aug,FY27,2,2027-02-01,Product 022,Brand 009,Quality 034,Item 0026,BQS0008,4,0.0
PIG022,2027-03-01,2,0,68.2,58,0,Sep,FY27,3,2027-03-01,Product 022,Brand 009,Quality 034,Item 0026,BQS0008,4,0.0
PIG022,2027-04-01,4,0,118.13,71,0,Oct,FY27,4,2027-04-01,Product 022,Brand 009,Quality 034,Item 0026,BQS0008,4,0.0
PIG022,2027-05-01,4,0,134.55,72,0,Nov,FY27,5,2027-05-01,Product 022,Brand 009,Quality 034,Item 0026,BQS0008,4,0.0
PIG022,2027-06-01,4,0,69.2,50,0,Dec,FY27,6,2027-06-01,Product 022,Brand 009,Quality 034,Item 0026,BQS0008,4,0.0
PIG022,2027-07-01,4,0,128.1,49,0,Jan,FY27,7,2027-07-01,Product 022,Brand 009,Quality 034,Item 0026,BQS0008,4,0.0
PIG022,2027-08-01,3,0,107.68,40,0,Feb,FY27,8,2027-08-01,Product 022,Brand 009,Quality 034,Item 0026,BQS0008,4,0.0
PIG022,2027-09-01,2,0,136.12,72,0,Mar,FY27,9,2027-09-01,Product 022,Brand 009,Quality 034,Item 0026,BQS0008,4,0.0
PIG022,2027-10-01,3,0,129.56,64,0,Apr,FY27,10,2027-10-01,Product 022,Brand 009,Quality 034,Item 0026,BQS0008,4,0.0
PIG022,2027-11-01,0,0,124.48,59,0,May,FY27,11,2027-11-01,Product 022,Brand 009,Quality 034,Item 0026,BQS0008,4,0.0
PIG022,2027-12-01,0,0,91.41,50,0,Jun,FY27,12,2027-12-01,Product 022,Brand 009,Quality 034,Item 0026,BQS0008,4,0.0
PIG024,2025-12-01,0,26,11.25,36,0,Jun,FY25,12,2025-12-01,Product 024,Brand 010,Quality 037,Item 0028,BQS0010,6,0.16
PIG024,2026-01-01,0,0,13.37,27,0,Jul,FY26,1,2026-01-01,Product 024,Brand 010,Quality 037,Item 0028,BQS0010,6,0.16
PIG024,2026-02-01,4,0,10.58,32,0,Aug,FY26,2,2026-02-01,Product 024,Brand 010,Quality 037,Item 0028,BQS0010,6,0.16
PIG024,2026-03-01,3,0,13.31,19,0,Sep,FY26,3,2026-03-01,Product 024,Brand 010,Quality 037,Item 0028,BQS0010,6,0.16
PIG024,2026-04-01,4,0,8.99,18,0,Oct,FY26,4,2026-04-01,Product 024,Brand 010,Quality 037,Item 0028,BQS0010,6,0.16
PIG024,2026-05-01,5,0,9.5,14,0,Nov,FY26,5,2026-05-01,Product 024,Brand 010,Quality 037,Item 0028,BQS0010,6,0.16
PIG024,2026-06-01,1,0,13.69,20,0,Dec,FY26,6,2026-06-01,Product 024,Brand 010,Quality 037,Item 0028,BQS0010,6,0.16
PIG024,2026-07-01,2,0,12.04,17,0,Jan,FY26,7,2026-07-01,Product 024,Brand 010,Quality 037,Item 0028,BQS0010,6,0.16
PIG024,2026-08-01,0,0,4.67,17,0,Feb,FY26,8,2026-08-01,Product 024,Brand 010,Quality 037,Item 0028,BQS0010,6,0.16
PIG024,2026-09-01,1,0,4.01,14,0,Mar,FY26,9,2026-09-01,Product 024,Brand 010,Quality 037,Item 0028,BQS0010,6,0.16
PIG024,2026-10-01,0,0,3.37,13,0,Apr,FY26,10,2026-10-01,Product 024,Brand 010,Quality 037,Item 0028,BQS0010,6,0.16
PIG024,2026-11-01,1,0,3.5,7,0,May,FY26,11,2026-11-01,Product 024,Brand 010,Quality 037,Item 0028,BQS0010,6,0.16
PIG024,2026-12-01,3,0,88.91,32,35,Jun,FY26,12,2026-12-01,Product 024,Brand 010,Quality 037,Item 0028,BQS0010,6,0.16
PIG024,2027-01-01,3,0,130.72,38,0,Jul,FY27,1,2027-01-01,Product 024,Brand 010,Quality 037,Item 0028,BQS0010,6,0.16
PIG024,2027-02-01,0,0,67.05,33,0,Aug,FY27,2,2027-02-01,Product 024,Brand 010,Quality 037,Item 0028,BQS0010,6,0.16
PIG024,2027-03-01,2,0,61.53,30,0,Sep,FY27,3,2027-03-01,Product 024,Brand 010,Quality 037,Item 0028,BQS0010,6,0.16
PIG024,2027-04-01,2,0,120.13,22,0,Oct,FY27,4,2027-04-01,Product 024,Brand 010,Quality 037,Item 0028,BQS0010,6,0.16
PIG024,2027-05-01,3,0,65.96,33,0,Nov,FY27,5,2027-05-01,Product 024,Brand 010,Quality 037,Item 0028,BQS0010,6,0.16
PIG024,2027-06-01,1,0,139.03,27,0,Dec,FY27,6,2027-06-01,Product 024,Brand 010,Quality 037,Item 0028,BQS0010,6,0.16
PIG024,2027-07-01,0,0,71.91,17,0,Jan,FY27,7,2027-07-01,Product 024,Brand 010,Quality 037,Item 0028,BQS0010,6,0.16
PIG024,2027-08-01,1,0,116.64,18,0,Feb,FY27,8,2027-08-01,Product 024,Brand 010,Quality 037,Item 0028,BQS0010,6,0.16
PIG024,2027-09-01,2,0,55.24,27,0,Mar,FY27,9,2027-09-01,Product 024,Brand 010,Quality 037,Item 0028,BQS0010,6,0.16
PIG024,2027-10-01,2,0,120.62,26,0,Apr,FY27,10,2027-10-01,Product 024,Brand 010,Quality 037,Item 0028,BQS0010,6,0.16
PIG024,2027-11-01,0,0,96.13,21,0,May,FY27,11,2027-11-01,Product 024,Brand 010,Quality 037,Item 0028,BQS0010,6,0.16
PIG024,2027-12-01,0,0,121.43,20,0,Jun,FY27,12,2027-12-01,Product 024,Brand 010,Quality 037,Item 0028,BQS0010,6,0.16
PIG025,2025-12-01,0,0,0.0,0,0,Jun,FY25,12,2025-12-01,Product 025,Brand 005,Quality 042,Item 0029,BQS0001,146,0.0
PIG025,2026-01-01,0,0,0.0,0,0,Jul,FY26,1,2026-01-01,Product 025,Brand 005,Quality 042,Item 0029,BQS0001,146,0.0
PIG025,2026-02-01,0,0,0.0,0,0,Aug,FY26,2,2026-02-01,Product 025,Brand 005,Quality 042,Item 0029,BQS0001,146,0.0
PIG025,2026-03-01,0,0,0.0,0,0,Sep,FY26,3,2026-03-01,Product 025,Brand 005,Quality 042,Item 0029,BQS0001,146,0.0
PIG025,2026-04-01,0,0,0.0,0,0,Oct,FY26,4,2026-04-01,Product 025,Brand 005,Quality 042,Item 0029,BQS0001,146,0.0
PIG025,2026-05-01,0,0,0.0,0,0,Nov,FY26,5,2026-05-01,Product 025,Brand 005,Quality 042,Item 0029,BQS0001,146,0.0
PIG025,2026-06-01,0,0,0.0,0,0,Dec,FY26,6,2026-06-01,Product 025,Brand 005,Quality 042,Item 0029,BQS0001,146,0.0
PIG025,2026-07-01,0,0,0.0,0,0,Jan,FY26,7,2026-07-01,Product 025,Brand 005,Quality 042,Item 0029,BQS0001,146,0.0
PIG025,2026-08-01,0,0,0.0,0,0,Feb,FY26,8,2026-08-01,Product 025,Brand 005,Quality 042,Item 0029,BQS0001,146,0.0
PIG025,2026-09-01,0,0,0.0,0,0,Mar,FY26,9,2026-09-01,Product 025,Brand 005,Quality 042,Item 0029,BQS0001,146,0.0
PIG025,2026-10-01,0,0,0.0,0,0,Apr,FY26,10,2026-10-01,Product 025,Brand 005,Quality 042,Item 0029,BQS0001,146,0.0
PIG025,2026-11-01,0,0,0.0,0,0,May,FY26,11,2026-11-01,Product 025,Brand 005,Quality 042,Item 0029,BQS0001,146,0.0
PIG025,2026-12-01,0,0,0.0,0,0,Jun,FY26,12,2026-12-01,Product 025,Brand 005,Quality 042,Item 0029,BQS0001,146,0.0
PIG025,2027-01-01,0,0,0.0,0,0,Jul,FY27,1,2027-01-01,Product 025,Brand 005,Quality 042,Item 0029,BQS0001,146,0.0
PIG025,2027-02-01,0,0,0.0,0,0,Aug,FY27,2,2027-02-01,Product 025,Brand 005,Quality 042,Item 0029,BQS0001,146,0.0
PIG025,2027-03-01,0,0,0.0,0,0,Sep,FY27,3,2027-03-01,Product 025,Brand 005,Quality 042,Item 0029,BQS0001,146,0.0
PIG025,2027-04-01,0,0,0.0,0,0,Oct,FY27,4,2027-04-01,Product 025,Brand 005,Quality 042,Item 0029,BQS0001,146,0.0
PIG025,2027-05-01,0,0,0.0,0,0,Nov,FY27,5,2027-05-01,Product 025,Brand 005,Quality 042,Item 0029,BQS0001,146,0.0
PIG025,2027-06-01,0,0,0.0,0,0,Dec,FY27,6,2027-06-01,Product 025,Brand 005,Quality 042,Item 0029,BQS0001,146,0.0
PIG025,2027-07-01,0,0,0.0,0,0,Jan,FY27,7,2027-07-01,Product 025,Brand 005,Quality 042,Item 0029,BQS0001,146,0.0
PIG025,2027-08-01,0,0,0.0,0,0,Feb,FY27,8,2027-08-01,Product 025,Brand 005,Quality 042,Item 0029,BQS0001,146,0.0
PIG025,2027-09-01,0,0,0.0,0,0,Mar,FY27,9,2027-09-01,Product 025,Brand 005,Quality 042,Item 0029,BQS0001,146,0.0
PIG025,2027-10-01,0,0,0.0,0,0,Apr,FY27,10,2027-10-01,Product 025,Brand 005,Quality 042,Item 0029,BQS0001,146,0.0
PIG025,2027-11-01,0,0,0.0,0,0,May,FY27,11,2027-11-01,Product 025,Brand 005,Quality 042,Item 0029,BQS0001,146,0.0
PIG025,2027-12-01,0,0,0.0,0,0,Jun,FY27,12,2027-12-01,Product 025,Brand 005,Quality 042,Item 0029,BQS0001,146,0.0
PIG026,2025-12-01,161,563,8.95,659,0,Jun,FY25,12,2025-12-01,Product 026,Brand 012,Quality 044,Item 0033,BQS0019,7,1.42
PIG026,2026-01-01,34,0,7.47,686,0,Jul,FY26,1,2026-01-01,Product 026,Brand 012,Quality 044,Item 0033,BQS0019,7,1.42
PIG026,2026-02-01,13,0,10.88,515,0,Aug,FY26,2,2026-02-01,Product 026,Brand 012,Quality 044,Item 0033,BQS0019,7,1.42
PIG026,2026-03-01,26,0,8.85,577,0,Sep,FY26,3,2026-03-01,Product 026,Brand 012,Quality 044,Item 0033,BQS0019,7,1.42
PIG026,2026-04-01,21,0,5.93,439,0,Oct,FY26,4,2026-04-01,Product 026,Brand 012,Quality 044,Item 0033,BQS0019,7,1.42
PIG026,2026-05-01,81,0,3.15,372,0,Nov,FY26,5,2026-05-01,Product 026,Brand 012,Quality 044,Item 0033,BQS0019,7,1.42
PIG026,2026-06-01,72,0,5.72,384,0,Dec,FY26,6,2026-06-01,Product 026,Brand 012,Quality 044,Item 0033,BQS0019,7,1.42
PIG026,2026-07-01,41,0,3.74,251,0,Jan,FY26,7,2026-07-01,Product 026,Brand 012,Quality 044,Item 0033,BQS0019,7,1.42
PIG026,2026-08-01,30,0,3.71,306,23,Feb,FY26,8,2026-08-01,Product 026,Brand 012,Quality 044,Item 0033,BQS0019,7,1.42
PIG026,2026-09-01,81,0,3.15,220,66,Mar,FY26,9,2026-09-01,Product 026,Brand 012,Quality 044,Item 0033,BQS0019,7,1.42
PIG026,2026-10-01,53,0,3.11,253,94,Apr,FY26,10,2026-10-01,Product 026,Brand 012,Quality 044,Item 0033,BQS0019,7,1.42
PIG026,2026-11-01,64,0,2.9,322,72,May,FY26,11,2026-11-01,Product 026,Brand 012,Quality 044,Item 0033,BQS0019,7,1.42
PIG026,2026-12-01,85,0,3.73,347,95,Jun,FY26,12,2026-12-01,Product 026,Brand 012,Quality 044,Item 0033,BQS0019,7,1.42
PIG026,2027-01-01,74,0,1.97,339,75,Jul,FY27,1,2027-01-01,Product 026,Brand 012,Quality 044,Item 0033,BQS0019,7,1.42
PIG026,2027-02-01,51,0,4.2,341,66,Aug,FY27,2,2027-02-01,Product 026,Brand 012,Quality 044,Item 0033,BQS0019,7,1.42
PIG026,2027-03-01,95,0,2.08,209,72,Sep,FY27,3,2027-03-01,Product 026,Brand 012,Quality 044,Item 0033,BQS0019,7,1.42
PIG026,2027-04-01,89,0,3.26,276,37,Oct,FY27,4,2027-04-01,Product 026,Brand 012,Quality 044,Item 0033,BQS0019,7,1.42
PIG026,2027-05-01,110,0,6.81,178,33,Nov,FY27,5,2027-05-01,Product 026,Brand 012,Quality 044,Item 0033,BQS0019,7,1.42
PIG026,2027-06-01,73,0,1.54,142,0,Dec,FY27,6,2027-06-01,Product 026,Brand 012,Quality 044,Item 0033,BQS0019,7,1.42
PIG026,2027-07-01,36,0,1.44,46,0,Jan,FY27,7,2027-07-01,Product 026,Brand 012,Quality 044,Item 0033,BQS0019,7,1.42
PIG026,2027-08-01,49,0,1.43,41,0,Feb,FY27,8,2027-08-01,Product 026,Brand 012,Quality 044,Item 0033,BQS0019,7,1.42
PIG026,2027-09-01,74,0,0.0,0,0,Mar,FY27,9,2027-09-01,Product 026,Brand 012,Quality 044,Item 0033,BQS0019,7,1.42
PIG026,2027-10-01,48,0,0.0,0,0,Apr,FY27,10,2027-10-01,Product 026,Brand 012,Quality 044,Item 0033,BQS0019,7,1.42
PIG026,2027-11-01,30,0,0.0,0,0,May,FY27,11,2027-11-01,Product 026,Brand 012,Quality 044,Item 0033,BQS0019,7,1.42
PIG026,2027-12-01,28,0,0.0,0,0,Jun,FY27,12,2027-12-01,Product 026,Brand 012,Quality 044,Item 0033,BQS0019,7,1.42
PIG027,2025-12-01,0,0,100.67,1,0,Jun,FY25,12,2025-12-01,Product 027,Brand 012,Quality 045,Item 0034,BQS0020,100,1.69
PIG027,2026-01-01,0,0,118.75,2,0,Jul,FY26,1,2026-01-01,Product 027,Brand 012,Quality 045,Item 0034,BQS0020,100,1.69
PIG027,2026-02-01,0,0,74.53,1,0,Aug,FY26,2,2026-02-01,Product 027,Brand 012,Quality 045,Item 0034,BQS0020,100,1.69
PIG027,2026-03-01,0,0,134.95,1,0,Sep,FY26,3,2026-03-01,Product 027,Brand 012,Quality 045,Item 0034,BQS0020,100,1.69
PIG027,2026-04-01,0,0,134.84,0,0,Oct,FY26,4,2026-04-01,Product 027,Brand 012,Quality 045,Item 0034,BQS0020,100,1.69
PIG027,2026-05-01,0,0,72.07,0,0,Nov,FY26,5,2026-05-01,Product 027,Brand 012,Quality 045,Item 0034,BQS0020,100,1.69
PIG027,2026-06-01,0,0,82.21,0,0,Dec,FY26,6,2026-06-01,Product 027,Brand 012,Quality 045,Item 0034,BQS0020,100,1.69
PIG027,2026-07-01,0,0,85.49,1,0,Jan,FY26,7,2026-07-01,Product 027,Brand 012,Quality 045,Item 0034,BQS0020,100,1.69
PIG027,2026-08-01,0,0,71.51,2,0,Feb,FY26,8,2026-08-01,Product 027,Brand 012,Quality 045,Item 0034,BQS0020,100,1.69
PIG027,2026-09-01,0,0,76.16,3,0,Mar,FY26,9,2026-09-01,Product 027,Brand 012,Quality 045,Item 0034,BQS0020,100,1.69
PIG027,2026-10-01,0,0,75.82,2,0,Apr,FY26,10,2026-10-01,Product 027,Brand 012,Quality 045,Item 0034,BQS0020,100,1.69
PIG027,2026-11-01,0,0,99.76,0,0,May,FY26,11,2026-11-01,Product 027,Brand 012,Quality 045,Item 0034,BQS0020,100,1.69
PIG027,2026-12-01,0,0,76.2,1,0,Jun,FY26,12,2026-12-01,Product 027,Brand 012,Quality 045,Item 0034,BQS0020,100,1.69
PIG027,2027-01-01,0,0,137.18,0,0,Jul,FY27,1,2027-01-01,Product 027,Brand 012,Quality 045,Item 0034,BQS0020,100,1.69
PIG027,2027-02-01,0,0,64.83,2,0,Aug,FY27,2,2027-02-01,Product 027,Brand 012,Quality 045,Item 0034,BQS0020,100,1.69
PIG027,2027-03-01,0,0,39.15,1,0,Sep,FY27,3,2027-03-01,Product 027,Brand 012,Quality 045,Item 0034,BQS0020,100,1.69
PIG027,2027-04-01,0,0,65.91,1,0,Oct,FY27,4,2027-04-01,Product 027,Brand 012,Quality 045,Item 0034,BQS0020,100,1.69
PIG027,2027-05-01,0,0,84.75,2,0,Nov,FY27,5,2027-05-01,Product 027,Brand 012,Quality 045,Item 0034,BQS0020,100,1.69
PIG027,2027-06-01,0,0,100.04,1,0,Dec,FY27,6,2027-06-01,Product 027,Brand 012,Quality 045,Item 0034,BQS0020,100,1.69
PIG027,2027-07-01,0,0,56.23,1,0,Jan,FY27,7,2027-07-01,Product 027,Brand 012,Quality 045,Item 0034,BQS0020,100,1.69
PIG027,2027-08-01,0,0,55.26,0,0,Feb,FY27,8,2027-08-01,Product 027,Brand 012,Quality 045,Item 0034,BQS0020,100,1.69
PIG027,2027-09-01,0,0,134.8,3,0,Mar,FY27,9,2027-09-01,Product 027,Brand 012,Quality 045,Item 0034,BQS0020,100,1.69
PIG027,2027-10-01,0,0,103.35,2,0,Apr,FY27,10,2027-10-01,Product 027,Brand 012,Quality 045,Item 0034,BQS0020,100,1.69
PIG027,2027-11-01,0,0,77.63,2,0,May,FY27,11,2027-11-01,Product 027,Brand 012,Quality 045,Item 0034,BQS0020,100,1.69
PIG027,2027-12-01,0,0,92.67,1,0,Jun,FY27,12,2027-12-01,Product 027,Brand 012,Quality 045,Item 0034,BQS0020,100,1.69
PIG028,2025-12-01,2,0,130.99,1,0,Jun,FY25,12,2025-12-01,Product 028,Brand 012,Quality 045,Item 0034,BQS0020,106,0.86
PIG028,2026-01-01,0,0,68.29,0,0,Jul,FY26,1,2026-01-01,Product 028,Brand 012,Quality 045,Item 0034,BQS0020,106,0.86
PIG028,2026-02-01,0,0,120.61,1,0,Aug,FY26,2,2026-02-01,Product 028,Brand 012,Quality 045,Item 0034,BQS0020,106,0.86
PIG028,2026-03-01,0,0,87.03,0,0,Sep,FY26,3,2026-03-01,Product 028,Brand 012,Quality 045,Item 0034,BQS0020,106,0.86
PIG028,2026-04-01,0,0,106.03,0,0,Oct,FY26,4,2026-04-01,Product 028,Brand 012,Quality 045,Item 0034,BQS0020,106,0.86
PIG028,2026-05-01,0,0,61.15,1,0,Nov,FY26,5,2026-05-01,Product 028,Brand 012,Quality 045,Item 0034,BQS0020,106,0.86
PIG028,2026-06-01,0,0,65.13,1,0,Dec,FY26,6,2026-06-01,Product 028,Brand 012,Quality 045,Item 0034,BQS0020,106,0.86
PIG028,2026-07-01,0,0,112.9,1,0,Jan,FY26,7,2026-07-01,Product 028,Brand 012,Quality 045,Item 0034,BQS0020,106,0.86
PIG028,2026-08-01,0,0,77.84,2,0,Feb,FY26,8,2026-08-01,Product 028,Brand 012,Quality 045,Item 0034,BQS0020,106,0.86
PIG028,2026-09-01,0,0,70.47,0,0,Mar,FY26,9,2026-09-01,Product 028,Brand 012,Quality 045,Item 0034,BQS0020,106,0.86
PIG028,2026-10-01,0,0,109.2,0,0,Apr,FY26,10,2026-10-01,Product 028,Brand 012,Quality 045,Item 0034,BQS0020,106,0.86
PIG028,2026-11-01,0,0,131.52,0,0,May,FY26,11,2026-11-01,Product 028,Brand 012,Quality 045,Item 0034,BQS0020,106,0.86
PIG028,2026-12-01,0,0,124.77,0,0,Jun,FY26,12,2026-12-01,Product 028,Brand 012,Quality 045,Item 0034,BQS0020,106,0.86
PIG028,2027-01-01,0,0,91.74,0,0,Jul,FY27,1,2027-01-01,Product 028,Brand 012,Quality 045,Item 0034,BQS0020,106,0.86
PIG028,2027-02-01,0,0,60.99,0,0,Aug,FY27,2,2027-02-01,Product 028,Brand 012,Quality 045,Item 0034,BQS0020,106,0.86
PIG028,2027-03-01,0,0,128.53,1,0,Sep,FY27,3,2027-03-01,Product 028,Brand 012,Quality 045,Item 0034,BQS0020,106,0.86
PIG028,2027-04-01,0,0,90.95,0,0,Oct,FY27,4,2027-04-01,Product 028,Brand 012,Quality 045,Item 0034,BQS0020,106,0.86
PIG028,2027-05-01,0,0,97.64,1,0,Nov,FY27,5,2027-05-01,Product 028,Brand 012,Quality 045,Item 0034,BQS0020,106,0.86
PIG028,2027-06-01,0,0,121.93,0,0,Dec,FY27,6,2027-06-01,Product 028,Brand 012,Quality 045,Item 0034,BQS0020,106,0.86
PIG028,2027-07-01,0,0,65.87,0,0,Jan,FY27,7,2027-07-01,Product 028,Brand 012,Quality 045,Item 0034,BQS0020,106,0.86
PIG028,2027-08-01,0,0,80.46,0,0,Feb,FY27,8,2027-08-01,Product 028,Brand 012,Quality 045,Item 0034,BQS0020,106,0.86
PIG028,2027-09-01,0,0,124.49,1,0,Mar,FY27,9,2027-09-01,Product 028,Brand 012,Quality 045,Item 0034,BQS0020,106,0.86
PIG028,2027-10-01,0,0,70.08,0,0,Apr,FY27,10,2027-10-01,Product 028,Brand 012,Quality 045,Item 0034,BQS0020,106,0.86
PIG028,2027-11-01,0,0,120.96,1,0,May,FY27,11,2027-11-01,Product 028,Brand 012,Quality 045,Item 0034,BQS0020,106,0.86
PIG028,2027-12-01,0,0,124.27,1,0,Jun,FY27,12,2027-12-01,Product 028,Brand 012,Quality 045,Item 0034,BQS0020,106,0.86
PIG030,2025-12-01,0,0,0.0,0,0,Jun,FY25,12,2025-12-01,Product 030,Brand 012,Quality 046,Item 0035,BQS0028,5,0.0
PIG030,2026-01-01,0,0,0.0,0,0,Jul,FY26,1,2026-01-01,Product 030,Brand 012,Quality 046,Item 0035,BQS0028,5,0.0
PIG030,2026-02-01,0,0,0.0,0,0,Aug,FY26,2,2026-02-01,Product 030,Brand 012,Quality 046,Item 0035,BQS0028,5,0.0
PIG030,2026-03-01,0,0,0.0,0,0,Sep,FY26,3,2026-03-01,Product 030,Brand 012,Quality 046,Item 0035,BQS0028,5,0.0
PIG030,2026-04-01,0,0,0.0,0,0,Oct,FY26,4,2026-04-01,Product 030,Brand 012,Quality 046,Item 0035,BQS0028,5,0.0
PIG030,2026-05-01,0,0,0.0,0,0,Nov,FY26,5,2026-05-01,Product 030,Brand 012,Quality 046,Item 0035,BQS0028,5,0.0
PIG030,2026-06-01,0,0,0.0,0,0,Dec,FY26,6,2026-06-01,Product 030,Brand 012,Quality 046,Item 0035,BQS0028,5,0.0
PIG030,2026-07-01,0,0,0.0,0,0,Jan,FY26,7,2026-07-01,Product 030,Brand 012,Quality 046,Item 0035,BQS0028,5,0.0
PIG030,2026-08-01,0,0,0.0,0,0,Feb,FY26,8,2026-08-01,Product 030,Brand 012,Quality 046,Item 0035,BQS0028,5,0.0
PIG030,2026-09-01,0,0,0.0,0,0,Mar,FY26,9,2026-09-01,Product 030,Brand 012,Quality 046,Item 0035,BQS0028,5,0.0
PIG030,2026-10-01,0,0,0.0,0,0,Apr,FY26,10,2026-10-01,Product 030,Brand 012,Quality 046,Item 0035,BQS0028,5,0.0
PIG030,2026-11-01,0,0,0.0,0,0,May,FY26,11,2026-11-01,Product 030,Brand 012,Quality 046,Item 0035,BQS0028,5,0.0
PIG030,2026-12-01,0,0,0.0,0,0,Jun,FY26,12,2026-12-01,Product 030,Brand 012,Quality 046,Item 0035,BQS0028,5,0.0
PIG030,2027-01-01,0,0,0.0,0,0,Jul,FY27,1,2027-01-01,Product 030,Brand 012,Quality 046,Item 0035,BQS0028,5,0.0
PIG030,2027-02-01,0,0,0.0,0,0,Aug,FY27,2,2027-02-01,Product 030,Brand 012,Quality 046,Item 0035,BQS0028,5,0.0
PIG030,2027-03-01,0,0,0.0,0,0,Sep,FY27,3,2027-03-01,Product 030,Brand 012,Quality 046,Item 0035,BQS0028,5,0.0
PIG030,2027-04-01,0,0,0.0,0,0,Oct,FY27,4,2027-04-01,Product 030,Brand 012,Quality 046,Item 0035,BQS0028,5,0.0
PIG030,2027-05-01,0,0,0.0,0,0,Nov,FY27,5,2027-05-01,Product 030,Brand 012,Quality 046,Item 0035,BQS0028,5,0.0
PIG030,2027-06-01,0,0,0.0,0,0,Dec,FY27,6,2027-06-01,Product 030,Brand 012,Quality 046,Item 0035,BQS0028,5,0.0
PIG030,2027-07-01,0,0,0.0,0,0,Jan,FY27,7,2027-07-01,Product 030,Brand 012,Quality 046,Item 0035,BQS0028,5,0.0
PIG030,2027-08-01,0,0,0.0,0,0,Feb,FY27,8,2027-08-01,Product 030,Brand 012,Quality 046,Item 0035,BQS0028,5,0.0
PIG030,2027-09-01,0,0,0.0,0,0,Mar,FY27,9,2027-09-01,Product 030,Brand 012,Quality 046,Item 0035,BQS0028,5,0.0
PIG030,2027-10-01,0,0,0.0,0,0,Apr,FY27,10,2027-10-01,Product 030,Brand 012,Quality 046,Item 0035,BQS0028,5,0.0
PIG030,2027-11-01,0,0,0.0,0,0,May,FY27,11,2027-11-01,Product 030,Brand 012,Quality 046,Item 0035,BQS0028,5,0.0
PIG030,2027-12-01,0,0,0.0,0,0,Jun,FY27,12,2027-12-01,Product 030,Brand 012,Quality 046,Item 0035,BQS0028,5,0.0
PIG031,2025-12-01,0,1,83.97,0,0,Jun,FY25,12,2025-12-01,Product 031,Brand 012,Quality 046,Item 0035,BQS0028,6,2.01
PIG031,2026-01-01,0,0,57.38,0,0,Jul,FY26,1,2026-01-01,Product 031,Brand 012,Quality 046,Item 0035,BQS0028,6,2.01
PIG031,2026-02-01,0,0,125.19,2,0,Aug,FY26,2,2026-02-01,Product 031,Brand 012,Quality 046,Item 0035,BQS0028,6,2.01
PIG031,2026-03-01,0,0,112.82,1,0,Sep,FY26,3,2026-03-01,Product 031,Brand 012,Quality 046,Item 0035,BQS0028,6,2.01
PIG031,2026-04-01,0,0,65.67,1,0,Oct,FY26,4,2026-04-01,Product 031,Brand 012,Quality 046,Item 0035,BQS0028,6,2.01
PIG031,2026-05-01,0,0,86.33,0,0,Nov,FY26,5,2026-05-01,Product 031,Brand 012,Quality 046,Item 0035,BQS0028,6,2.01
PIG031,2026-06-01,0,0,76.39,0,0,Dec,FY26,6,2026-06-01,Product 031,Brand 012,Quality 046,Item 0035,BQS0028,6,2.01
PIG031,2026-07-01,0,0,131.21,1,0,Jan,FY26,7,2026-07-01,Product 031,Brand 012,Quality 046,Item 0035,BQS0028,6,2.01
PIG031,2026-08-01,0,0,144.35,0,0,Feb,FY26,8,2026-08-01,Product 031,Brand 012,Quality 046,Item 0035,BQS0028,6,2.01
PIG031,2026-09-01,0,0,68.36,0,0,Mar,FY26,9,2026-09-01,Product 031,Brand 012,Quality 046,Item 0035,BQS0028,6,2.01
PIG031,2026-10-01,0,0,84.14,0,0,Apr,FY26,10,2026-10-01,Product 031,Brand 012,Quality 046,Item 0035,BQS0028,6,2.01
PIG031,2026-11-01,0,0,71.7,0,0,May,FY26,11,2026-11-01,Product 031,Brand 012,Quality 046,Item 0035,BQS0028,6,2.01
PIG031,2026-12-01,0,0,101.63,2,0,Jun,FY26,12,2026-12-01,Product 031,Brand 012,Quality 046,Item 0035,BQS0028,6,2.01
PIG031,2027-01-01,0,0,97.94,1,0,Jul,FY27,1,2027-01-01,Product 031,Brand 012,Quality 046,Item 0035,BQS0028,6,2.01
PIG031,2027-02-01,0,0,99.54,2,0,Aug,FY27,2,2027-02-01,Product 031,Brand 012,Quality 046,Item 0035,BQS0028,6,2.01
PIG031,2027-03-01,0,0,136.04,1,0,Sep,FY27,3,2027-03-01,Product 031,Brand 012,Quality 046,Item 0035,BQS0028,6,2.01
PIG031,2027-04-01,0,0,118.36,1,0,Oct,FY27,4,2027-04-01,Product 031,Brand 012,Quality 046,Item 0035,BQS0028,6,2.01
PIG031,2027-05-01,0,0,103.53,0,0,Nov,FY27,5,2027-05-01,Product 031,Brand 012,Quality 046,Item 0035,BQS0028,6,2.01
PIG031,2027-06-01,0,0,98.05,0,0,Dec,FY27,6,2027-06-01,Product 031,Brand 012,Quality 046,Item 0035,BQS0028,6,2.01
PIG031,2027-07-01,0,0,71.08,2,0,Jan,FY27,7,2027-07-01,Product 031,Brand 012,Quality 046,Item 0035,BQS0028,6,2.01
PIG031,2027-08-01,0,0,129.21,1,0,Feb,FY27,8,2027-08-01,Product 031,Brand 012,Quality 046,Item 0035,BQS0028,6,2.01
PIG031,2027-09-01,0,0,108.65,0,0,Mar,FY27,9,2027-09-01,Product 031,Brand 012,Quality 046,Item 0035,BQS0028,6,2.01
PIG031,2027-10-01,0,0,110.22,1,0,Apr,FY27,10,2027-10-01,Product 031,Brand 012,Quality 046,Item 0035,BQS0028,6,2.01
PIG031,2027-11-01,0,0,53.0,3,0,May,FY27,11,2027-11-01,Product 031,Brand 012,Quality 046,Item 0035,BQS0028,6,2.01
PIG031,2027-12-01,0,0,85.63,0,0,Jun,FY27,12,2027-12-01,Product 031,Brand 012,Quality 046,Item 0035,BQS0028,6,2.01
PIG032,2025-12-01,4855,5796,2.81,1753,0,Jun,FY25,12,2025-12-01,Product 032,Brand 013,Quality 051,Item 0039,BQS0021,9,0.0
PIG032,2026-01-01,365,0,2.44,2051,824,Jul,FY26,1,2026-01-01,Product 032,Brand 013,Quality 051,Item 0039,BQS0021,9,0.0
PIG032,2026-02-01,645,0,3.88,3606,1284,Aug,FY26,2,2026-02-01,Product 032,Brand 013,Quality 051,Item 0039,BQS0021,9,0.0
PIG032,2026-03-01,306,0,3.34,3209,663,Sep,FY26,3,2026-03-01,Product 032,Brand 013,Quality 051,Item 0039,BQS0021,9,0.0
PIG032,2026-04-01,1067,0,2.1,3025,874,Oct,FY26,4,2026-04-01,Product 032,Brand 013,Quality 051,Item 0039,BQS0021,9,0.0
PIG032,2026-05-01,1247,0,2.89,2550,692,Nov,FY26,5,2026-05-01,Product 032,Brand 013,Quality 051,Item 0039,BQS0021,9,0.0
PIG032,2026-06-01,634,0,4.87,2019,1024,Dec,FY26,6,2026-06-01,Product 032,Brand 013,Quality 051,Item 0039,BQS0021,9,0.0
PIG032,2026-07-01,764,0,3.21,3351,1793,Jan,FY26,7,2026-07-01,Product 032,Brand 013,Quality 051,Item 0039,BQS0021,9,0.0
PIG032,2026-08-01,801,0,3.97,2684,468,Feb,FY26,8,2026-08-01,Product 032,Brand 013,Quality 051,Item 0039,BQS0021,9,0.0
PIG032,2026-09-01,542,0,2.1,4131,994,Mar,FY26,9,2026-09-01,Product 032,Brand 013,Quality 051,Item 0039,BQS0021,9,0.0
PIG032,2026-10-01,910,0,3.37,3953,1033,Apr,FY26,10,2026-10-01,Product 032,Brand 013,Quality 051,Item 0039,BQS0021,9,0.0
PIG032,2026-11-01,1382,0,1.53,5276,1341,May,FY26,11,2026-11-01,Product 032,Brand 013,Quality 051,Item 0039,BQS0021,9,0.0
PIG032,2026-12-01,698,0,4.89,6576,1860,Jun,FY26,12,2026-12-01,Product 032,Brand 013,Quality 051,Item 0039,BQS0021,9,0.0
PIG032,2027-01-01,1330,0,1.98,2957,1761,Jul,FY27,1,2027-01-01,Product 032,Brand 013,Quality 051,Item 0039,BQS0021,9,0.0
PIG032,2027-02-01,953,0,5.34,5687,971,Aug,FY27,2,2027-02-01,Product 032,Brand 013,Quality 051,Item 0039,BQS0021,9,0.0
PIG032,2027-03-01,1000,0,4.72,2980,483,Sep,FY27,3,2027-03-01,Product 032,Brand 013,Quality 051,Item 0039,BQS0021,9,0.0
PIG032,2027-04-01,1922,0,4.36,3504,791,Oct,FY27,4,2027-04-01,Product 032,Brand 013,Quality 051,Item 0039,BQS0021,9,0.0
PIG032,2027-05-01,1745,0,5.6,2218,838,Nov,FY27,5,2027-05-01,Product 032,Brand 013,Quality 051,Item 0039,BQS0021,9,0.0
PIG032,2027-06-01,714,0,1.88,1487,0,Dec,FY27,6,2027-06-01,Product 032,Brand 013,Quality 051,Item 0039,BQS0021,9,0.0
PIG032,2027-07-01,617,0,2.69,1529,0,Jan,FY27,7,2027-07-01,Product 032,Brand 013,Quality 051,Item 0039,BQS0021,9,0.0
PIG032,2027-08-01,812,0,2.86,907,0,Feb,FY27,8,2027-08-01,Product 032,Brand 013,Quality 051,Item 0039,BQS0021,9,0.0
PIG032,2027-09-01,699,0,0.02,35,0,Mar,FY27,9,2027-09-01,Product 032,Brand 013,Quality 051,Item 0039,BQS0021,9,0.0
PIG032,2027-10-01,649,0,0.0,0,0,Apr,FY27,10,2027-10-01,Product 032,Brand 013,Quality 051,Item 0039,BQS0021,9,0.0
PIG032,2027-11-01,16,0,0.0,0,0,May,FY27,11,2027-11-01,Product 032,Brand 013,Quality 051,Item 0039,BQS0021,9,0.0
PIG032,2027-12-01,42,0,0.0,0,0,Jun,FY27,12,2027-12-01,Product 032,Brand 013,Quality 051,Item 0039,BQS0021,9,0.0
PIG033,2025-12-01,392,880,6.17,455,0,Jun,FY25,12,2025-12-01,Product 033,Brand 013,Quality 053,Item 0040,BQS0024,6,0.52
PIG033,2026-01-01,8,0,6.06,697,194,Jul,FY26,1,2026-01-01,Product 033,Brand 013,Quality 053,Item 0040,BQS0024,6,0.52
PIG033,2026-02-01,29,0,3.56,831,149,Aug,FY26,2,2026-02-01,Product 033,Brand 013,Quality 053,Item 0040,BQS0024,6,0.52
PIG033,2026-03-01,391,0,3.99,673,164,Sep,FY26,3,2026-03-01,Product 033,Brand 013,Quality 053,Item 0040,BQS0024,6,0.52
PIG033,2026-04-01,143,0,3.07,621,171,Oct,FY26,4,2026-04-01,Product 033,Brand 013,Quality 053,Item 0040,BQS0024,6,0.52
PIG033,2026-05-01,146,0,6.68,702,132,Nov,FY26,5,2026-05-01,Product 033,Brand 013,Quality 053,Item 0040,BQS0024,6,0.52
PIG033,2026-06-01,79,0,7.96,519,233,Dec,FY26,6,2026-06-01,Product 033,Brand 013,Quality 053,Item 0040,BQS0024,6,0.52
PIG033,2026-07-01,116,0,8.06,947,174,Jan,FY26,7,2026-07-01,Product 033,Brand 013,Quality 053,Item 0040,BQS0024,6,0.52
PIG033,2026-08-01,113,0,2.47,593,0,Feb,FY26,8,2026-08-01,Product 033,Brand 013,Quality 053,Item 0040,BQS0024,6,0.52
PIG033,2026-09-01,184,0,6.21,646,137,Mar,FY26,9,2026-09-01,Product 033,Brand 013,Quality 053,Item 0040,BQS0024,6,0.52
PIG033,2026-10-01,88,0,4.34,438,200,Apr,FY26,10,2026-10-01,Product 033,Brand 013,Quality 053,Item 0040,BQS0024,6,0.52
PIG033,2026-11-01,169,0,5.28,561,231,May,FY26,11,2026-11-01,Product 033,Brand 013,Quality 053,Item 0040,BQS0024,6,0.52
PIG033,2026-12-01,102,0,4.65,760,149,Jun,FY26,12,2026-12-01,Product 033,Brand 013,Quality 053,Item 0040,BQS0024,6,0.52
PIG033,2027-01-01,173,0,1.49,1065,165,Jul,FY27,1,2027-01-01,Product 033,Brand 013,Quality 053,Item 0040,BQS0024,6,0.52
PIG033,2027-02-01,225,0,6.56,874,83,Aug,FY27,2,2027-02-01,Product 033,Brand 013,Quality 053,Item 0040,BQS0024,6,0.52
PIG033,2027-03-01,161,0,2.81,685,152,Sep,FY27,3,2027-03-01,Product 033,Brand 013,Quality 053,Item 0040,BQS0024,6,0.52
PIG033,2027-04-01,183,0,3.32,696,70,Oct,FY27,4,2027-04-01,Product 033,Brand 013,Quality 053,Item 0040,BQS0024,6,0.52
PIG033,2027-05-01,205,0,4.44,351,88,Nov,FY27,5,2027-05-01,Product 033,Brand 013,Quality 053,Item 0040,BQS0024,6,0.52
PIG033,2027-06-01,132,0,2.88,400,0,Dec,FY27,6,2027-06-01,Product 033,Brand 013,Quality 053,Item 0040,BQS0024,6,0.52
PIG033,2027-07-01,179,0,3.24,273,0,Jan,FY27,7,2027-07-01,Product 033,Brand 013,Quality 053,Item 0040,BQS0024,6,0.52
PIG033,2027-08-01,73,0,1.51,146,0,Feb,FY27,8,2027-08-01,Product 033,Brand 013,Quality 053,Item 0040,BQS0024,6,0.52
PIG033,2027-09-01,113,0,1.64,9,0,Mar,FY27,9,2027-09-01,Product 033,Brand 013,Quality 053,Item 0040,BQS0024,6,0.52
PIG033,2027-10-01,38,0,0.0,0,0,Apr,FY27,10,2027-10-01,Product 033,Brand 013,Quality 053,Item 0040,BQS0024,6,0.52
PIG033,2027-11-01,6,0,0.0,0,0,May,FY27,11,2027-11-01,Product 033,Brand 013,Quality 053,Item 0040,BQS0024,6,0.52
PIG033,2027-12-01,13,0,0.0,0,0,Jun,FY27,12,2027-12-01,Product 033,Brand 013,Quality 053,Item 0040,BQS0024,6,0.52
PIG034,2025-12-01,0,0,0.0,0,0,Jun,FY25,12,2025-12-01,Product 034,Brand 013,Quality 055,Item 0041,BQS0022,4,0.73
PIG034,2026-01-01,0,0,0.0,0,0,Jul,FY26,1,2026-01-01,Product 034,Brand 013,Quality 055,Item 0041,BQS0022,4,0.73
PIG034,2026-02-01,0,0,0.0,0,0,Aug,FY26,2,2026-02-01,Product 034,Brand 013,Quality 055,Item 0041,BQS0022,4,0.73
PIG034,2026-03-01,0,0,0.0,0,0,Sep,FY26,3,2026-03-01,Product 034,Brand 013,Quality 055,Item 0041,BQS0022,4,0.73
PIG034,2026-04-01,0,0,0.0,0,0,Oct,FY26,4,2026-04-01,Product 034,Brand 013,Quality 055,Item 0041,BQS0022,4,0.73
PIG034,2026-05-01,0,0,0.0,0,0,Nov,FY26,5,2026-05-01,Product 034,Brand 013,Quality 055,Item 0041,BQS0022,4,0.73
PIG034,2026-06-01,0,0,0.0,0,0,Dec,FY26,6,2026-06-01,Product 034,Brand 013,Quality 055,Item 0041,BQS0022,4,0.73
PIG034,2026-07-01,0,0,0.0,0,0,Jan,FY26,7,2026-07-01,Product 034,Brand 013,Quality 055,Item 0041,BQS0022,4,0.73
PIG034,2026-08-01,0,0,0.0,0,0,Feb,FY26,8,2026-08-01,Product 034,Brand 013,Quality 055,Item 0041,BQS0022,4,0.73
PIG034,2026-09-01,0,0,0.0,0,0,Mar,FY26,9,2026-09-01,Product 034,Brand 013,Quality 055,Item 0041,BQS0022,4,0.73
PIG034,2026-10-01,0,0,0.0,0,0,Apr,FY26,10,2026-10-01,Product 034,Brand 013,Quality 055,Item 0041,BQS0022,4,0.73
PIG034,2026-11-01,0,0,0.0,0,0,May,FY26,11,2026-11-01,Product 034,Brand 013,Quality 055,Item 0041,BQS0022,4,0.73
PIG034,2026-12-01,0,0,0.0,0,0,Jun,FY26,12,2026-12-01,Product 034,Brand 013,Quality 055,Item 0041,BQS0022,4,0.73
PIG034,2027-01-01,0,0,0.0,0,0,Jul,FY27,1,2027-01-01,Product 034,Brand 013,Quality 055,Item 0041,BQS0022,4,0.73
PIG034,2027-02-01,0,0,0.0,0,0,Aug,FY27,2,2027-02-01,Product 034,Brand 013,Quality 055,Item 0041,BQS0022,4,0.73
PIG034,2027-03-01,0,0,0.0,0,0,Sep,FY27,3,2027-03-01,Product 034,Brand 013,Quality 055,Item 0041,BQS0022,4,0.73
PIG034,2027-04-01,0,0,0.0,0,0,Oct,FY27,4,2027-04-01,Product 034,Brand 013,Quality 055,Item 0041,BQS0022,4,0.73
PIG034,2027-05-01,0,0,0.0,0,0,Nov,FY27,5,2027-05-01,Product 034,Brand 013,Quality 055,Item 0041,BQS0022,4,0.73
PIG034,2027-06-01,0,0,0.0,0,0,Dec,FY27,6,2027-06-01,Product 034,Brand 013,Quality 055,Item 0041,BQS0022,4,0.73
PIG034,2027-07-01,0,0,0.0,0,0,Jan,FY27,7,2027-07-01,Product 034,Brand 013,Quality 055,Item 0041,BQS0022,4,0.73
PIG034,2027-08-01,0,0,0.0,0,0,Feb,FY27,8,2027-08-01,Product 034,Brand 013,Quality 055,Item 0041,BQS0022,4,0.73
PIG034,2027-09-01,0,0,0.0,0,0,Mar,FY27,9,2027-09-01,Product 034,Brand 013,Quality 055,Item 0041,BQS0022,4,0.73
PIG034,2027-10-01,0,0,0.0,0,0,Apr,FY27,10,2027-10-01,Product 034,Brand 013,Quality 055,Item 0041,BQS0022,4,0.73
PIG034,2027-11-01,0,0,0.0,0,0,May,FY27,11,2027-11-01,Product 034,Brand 013,Quality 055,Item 0041,BQS0022,4,0.73
PIG034,2027-12-01,0,0,0.0,0,0,Jun,FY27,12,2027-12-01,Product 034,Brand 013,Quality 055,Item 0041,BQS0022,4,0.73
PIG035,2025-12-01,0,0,0.0,0,0,Jun,FY25,12,2025-12-01,Product 035,Brand 013,Quality 057,Item 0043,BQS0023,4,0.0
PIG035,2026-01-01,0,0,0.0,0,0,Jul,FY26,1,2026-01-01,Product 035,Brand 013,Quality 057,Item 0043,BQS0023,4,0.0
PIG035,2026-02-01,0,0,0.0,0,0,Aug,FY26,2,2026-02-01,Product 035,Brand 013,Quality 057,Item 0043,BQS0023,4,0.0
PIG035,2026-03-01,0,0,0.0,0,0,Sep,FY26,3,2026-03-01,Product 035,Brand 013,Quality 057,Item 0043,BQS0023,4,0.0
PIG035,2026-04-01,0,0,0.0,0,0,Oct,FY26,4,2026-04-01,Product 035,Brand 013,Quality 057,Item 0043,BQS0023,4,0.0
PIG035,2026-05-01,0,0,0.0,0,0,Nov,FY26,5,2026-05-01,Product 035,Brand 013,Quality 057,Item 0043,BQS0023,4,0.0
PIG035,2026-06-01,0,0,0.0,0,0,Dec,FY26,6,2026-06-01,Product 035,Brand 013,Quality 057,Item 0043,BQS0023,4,0.0
PIG035,2026-07-01,0,0,0.0,0,0,Jan,FY26,7,2026-07-01,Product 035,Brand 013,Quality 057,Item 0043,BQS0023,4,0.0
PIG035,2026-08-01,0,0,0.0,0,0,Feb,FY26,8,2026-08-01,Product 035,Brand 013,Quality 057,Item 0043,BQS0023,4,0.0
PIG035,2026-09-01,0,0,0.0,0,0,Mar,FY26,9,2026-09-01,Product 035,Brand 013,Quality 057,Item 0043,BQS0023,4,0.0
PIG035,2026-10-01,0,0,0.0,0,0,Apr,FY26,10,2026-10-01,Product 035,Brand 013,Quality 057,Item 0043,BQS0023,4,0.0
PIG035,2026-11-01,0,0,0.0,0,0,May,FY26,11,2026-11-01,Product 035,Brand 013,Quality 057,Item 0043,BQS0023,4,0.0
PIG035,2026-12-01,0,0,0.0,0,0,Jun,FY26,12,2026-12-01,Product 035,Brand 013,Quality 057,Item 0043,BQS0023,4,0.0
PIG035,2027-01-01,0,0,0.0,0,0,Jul,FY27,1,2027-01-01,Product 035,Brand 013,Quality 057,Item 0043,BQS0023,4,0.0
PIG035,2027-02-01,0,0,0.0,0,0,Aug,FY27,2,2027-02-01,Product 035,Brand 013,Quality 057,Item 0043,BQS0023,4,0.0
PIG035,2027-03-01,0,0,0.0,0,0,Sep,FY27,3,2027-03-01,Product 035,Brand 013,Quality 057,Item 0043,BQS0023,4,0.0
PIG035,2027-04-01,0,0,0.0,0,0,Oct,FY27,4,2027-04-01,Product 035,Brand 013,Quality 057,Item 0043,BQS0023,4,0.0
PIG035,2027-05-01,0,0,0.0,0,0,Nov,FY27,5,2027-05-01,Product 035,Brand 013,Quality 057,Item 0043,BQS0023,4,0.0
PIG035,2027-06-01,0,0,0.0,0,0,Dec,FY27,6,2027-06-01,Product 035,Brand 013,Quality 057,Item 0043,BQS0023,4,0.0
PIG035,2027-07-01,0,0,0.0,0,0,Jan,FY27,7,2027-07-01,Product 035,Brand 013,Quality 057,Item 0043,BQS0023,4,0.0
PIG035,2027-08-01,0,0,0.0,0,0,Feb,FY27,8,2027-08-01,Product 035,Brand 013,Quality 057,Item 0043,BQS0023,4,0.0
PIG035,2027-09-01,0,0,0.0,0,0,Mar,FY27,9,2027-09-01,Product 035,Brand 013,Quality 057,Item 0043,BQS0023,4,0.0
PIG035,2027-10-01,0,0,0.0,0,0,Apr,FY27,10,2027-10-01,Product 035,Brand 013,Quality 057,Item 0043,BQS0023,4,0.0
PIG035,2027-11-01,0,0,0.0,0,0,May,FY27,11,2027-11-01,Product 035,Brand 013,Quality 057,Item 0043,BQS0023,4,0.0
PIG035,2027-12-01,0,0,0.0,0,0,Jun,FY27,12,2027-12-01,Product 035,Brand 013,Quality 057,Item 0043,BQS0023,4,0.0
PIG036,2025-12-01,0,18,84.01,12,0,Jun,FY25,12,2025-12-01,Product 036,Brand 013,Quality 056,Item 0042,BQS0034,4,0.0
PIG036,2026-01-01,0,0,95.69,13,0,Jul,FY26,1,2026-01-01,Product 036,Brand 013,Quality 056,Item 0042,BQS0034,4,0.0
PIG036,2026-02-01,0,0,78.02,15,0,Aug,FY26,2,2026-02-01,Product 036,Brand 013,Quality 056,Item 0042,BQS0034,4,0.0
PIG036,2026-03-01,0,0,79.55,18,0,Sep,FY26,3,2026-03-01,Product 036,Brand 013,Quality 056,Item 0042,BQS0034,4,0.0
PIG036,2026-04-01,0,0,52.6,18,0,Oct,FY26,4,2026-04-01,Product 036,Brand 013,Quality 056,Item 0042,BQS0034,4,0.0
PIG036,2026-05-01,0,0,68.44,13,0,Nov,FY26,5,2026-05-01,Product 036,Brand 013,Quality 056,Item 0042,BQS0034,4,0.0
PIG036,2026-06-01,0,0,82.85,21,0,Dec,FY26,6,2026-06-01,Product 036,Brand 013,Quality 056,Item 0042,BQS0034,4,0.0
PIG036,2026-07-01,0,0,137.11,18,0,Jan,FY26,7,2026-07-01,Product 036,Brand 013,Quality 056,Item 0042,BQS0034,4,0.0
PIG036,2026-08-01,0,0,79.07,13,0,Feb,FY26,8,2026-08-01,Product 036,Brand 013,Quality 056,Item 0042,BQS0034,4,0.0
PIG036,2026-09-01,0,0,109.21,10,0,Mar,FY26,9,2026-09-01,Product 036,Brand 013,Quality 056,Item 0042,BQS0034,4,0.0
PIG036,2026-10-01,0,0,112.1,15,0,Apr,FY26,10,2026-10-01,Product 036,Brand 013,Quality 056,Item 0042,BQS0034,4,0.0
PIG036,2026-11-01,0,0,78.45,18,0,May,FY26,11,2026-11-01,Product 036,Brand 013,Quality 056,Item 0042,BQS0034,4,0.0
PIG036,2026-12-01,0,0,56.77,16,0,Jun,FY26,12,2026-12-01,Product 036,Brand 013,Quality 056,Item 0042,BQS0034,4,0.0
PIG036,2027-01-01,0,0,140.35,15,0,Jul,FY27,1,2027-01-01,Product 036,Brand 013,Quality 056,Item 0042,BQS0034,4,0.0
PIG036,2027-02-01,0,0,121.63,20,0,Aug,FY27,2,2027-02-01,Product 036,Brand 013,Quality 056,Item 0042,BQS0034,4,0.0
PIG036,2027-03-01,0,0,130.05,21,0,Sep,FY27,3,2027-03-01,Product 036,Brand 013,Quality 056,Item 0042,BQS0034,4,0.0
PIG036,2027-04-01,0,0,81.27,11,0,Oct,FY27,4,2027-04-01,Product 036,Brand 013,Quality 056,Item 0042,BQS0034,4,0.0
PIG036,2027-05-01,0,0,124.03,17,0,Nov,FY27,5,2027-05-01,Product 036,Brand 013,Quality 056,Item 0042,BQS0034,4,0.0
PIG036,2027-06-01,0,0,137.13,15,0,Dec,FY27,6,2027-06-01,Product 036,Brand 013,Quality 056,Item 0042,BQS0034,4,0.0
PIG036,2027-07-01,0,0,90.44,17,0,Jan,FY27,7,2027-07-01,Product 036,Brand 013,Quality 056,Item 0042,BQS0034,4,0.0
PIG036,2027-08-01,0,0,89.86,18,0,Feb,FY27,8,2027-08-01,Product 036,Brand 013,Quality 056,Item 0042,BQS0034,4,0.0
PIG036,2027-09-01,0,0,121.83,15,0,Mar,FY27,9,2027-09-01,Product 036,Brand 013,Quality 056,Item 0042,BQS0034,4,0.0
PIG036,2027-10-01,0,0,69.38,13,0,Apr,FY27,10,2027-10-01,Product 036,Brand 013,Quality 056,Item 0042,BQS0034,4,0.0
PIG036,2027-11-01,0,0,109.08,9,0,May,FY27,11,2027-11-01,Product 036,Brand 013,Quality 056,Item 0042,BQS0034,4,0.0
PIG036,2027-12-01,0,0,77.92,13,0,Jun,FY27,12,2027-12-01,Product 036,Brand 013,Quality 056,Item 0042,BQS0034,4,0.0
PIG037,2025-12-01,0,0,0.0,0,0,Jun,FY25,12,2025-12-01,Product 037,Brand 003,Quality 013,Item 0012,BQS0016,4,2.58
PIG037,2026-01-01,0,0,0.0,0,0,Jul,FY26,1,2026-01-01,Product 037,Brand 003,Quality 013,Item 0012,BQS0016,4,2.58
PIG037,2026-02-01,0,0,0.0,0,0,Aug,FY26,2,2026-02-01,Product 037,Brand 003,Quality 013,Item 0012,BQS0016,4,2.58
PIG037,2026-03-01,0,0,0.0,0,0,Sep,FY26,3,2026-03-01,Product 037,Brand 003,Quality 013,Item 0012,BQS0016,4,2.58
PIG037,2026-04-01,0,0,0.0,0,0,Oct,FY26,4,2026-04-01,Product 037,Brand 003,Quality 013,Item 0012,BQS0016,4,2.58
PIG037,2026-05-01,0,0,0.0,0,0,Nov,FY26,5,2026-05-01,Product 037,Brand 003,Quality 013,Item 0012,BQS0016,4,2.58
PIG037,2026-06-01,0,0,0.0,0,0,Dec,FY26,6,2026-06-01,Product 037,Brand 003,Quality 013,Item 0012,BQS0016,4,2.58
PIG037,2026-07-01,0,0,0.0,0,0,Jan,FY26,7,2026-07-01,Product 037,Brand 003,Quality 013,Item 0012,BQS0016,4,2.58
PIG037,2026-08-01,0,0,0.0,0,0,Feb,FY26,8,2026-08-01,Product 037,Brand 003,Quality 013,Item 0012,BQS0016,4,2.58
PIG037,2026-09-01,0,0,0.0,0,0,Mar,FY26,9,2026-09-01,Product 037,Brand 003,Quality 013,Item 0012,BQS0016,4,2.58
PIG037,2026-10-01,0,0,0.0,0,0,Apr,FY26,10,2026-10-01,Product 037,Brand 003,Quality 013,Item 0012,BQS0016,4,2.58
PIG037,2026-11-01,0,0,0.0,0,0,May,FY26,11,2026-11-01,Product 037,Brand 003,Quality 013,Item 0012,BQS0016,4,2.58
PIG037,2026-12-01,0,0,0.0,0,0,Jun,FY26,12,2026-12-01,Product 037,Brand 003,Quality 013,Item 0012,BQS0016,4,2.58
PIG037,2027-01-01,0,0,0.0,0,0,Jul,FY27,1,2027-01-01,Product 037,Brand 003,Quality 013,Item 0012,BQS0016,4,2.58
PIG037,2027-02-01,0,0,0.0,0,0,Aug,FY27,2,2027-02-01,Product 037,Brand 003,Quality 013,Item 0012,BQS0016,4,2.58
PIG037,2027-03-01,0,0,0.0,0,0,Sep,FY27,3,2027-03-01,Product 037,Brand 003,Quality 013,Item 0012,BQS0016,4,2.58
PIG037,2027-04-01,0,0,0.0,0,0,Oct,FY27,4,2027-04-01,Product 037,Brand 003,Quality 013,Item 0012,BQS0016,4,2.58
PIG037,2027-05-01,0,0,0.0,0,0,Nov,FY27,5,2027-05-01,Product 037,Brand 003,Quality 013,Item 0012,BQS0016,4,2.58
PIG037,2027-06-01,0,0,0.0,0,0,Dec,FY27,6,2027-06-01,Product 037,Brand 003,Quality 013,Item 0012,BQS0016,4,2.58
PIG037,2027-07-01,0,0,0.0,0,0,Jan,FY27,7,2027-07-01,Product 037,Brand 003,Quality 013,Item 0012,BQS0016,4,2.58
PIG037,2027-08-01,0,0,0.0,0,0,Feb,FY27,8,2027-08-01,Product 037,Brand 003,Quality 013,Item 0012,BQS0016,4,2.58
PIG037,2027-09-01,0,0,0.0,0,0,Mar,FY27,9,2027-09-01,Product 037,Brand 003,Quality 013,Item 0012,BQS0016,4,2.58
PIG037,2027-10-01,0,0,0.0,0,0,Apr,FY27,10,2027-10-01,Product 037,Brand 003,Quality 013,Item 0012,BQS0016,4,2.58
PIG037,2027-11-01,0,0,0.0,0,0,May,FY27,11,2027-11-01,Product 037,Brand 003,Quality 013,Item 0012,BQS0016,4,2.58
PIG037,2027-12-01,0,0,0.0,0,0,Jun,FY27,12,2027-12-01,Product 037,Brand 003,Quality 013,Item 0012,BQS0016,4,2.58
